id,name,email,emailVerified,image,age,gender,City,mobileNumber,customerSegment,role,banned,banReason,banExpires,createdAt,updatedAt
1dfbe10f-a618-48de-b278-822972491510,Buddhika Nelson,user0001@example.com,True,,25,,Kurunegala,0799663907,regular_shoppers,user,False,,,2024-04-16 00:00:00+00,2024-04-16 00:00:00+00
e4e3d271-57ce-489d-90f0-e6e39650c809,Crystal Santos,user0002@example.com,True,,65,,,0795918360,occasional_shoppers,user,False,,,2025-05-29 00:00:00+00,2025-05-29 00:00:00+00
2453b363-6bca-4d91-a1d6-c80e963ad7fb,Angela Stewart,user0003@example.com,True,,19,Male,Gampaha,0724208709,rare_shoppers,user,False,,,2023-06-30 00:00:00+00,2023-06-30 00:00:00+00
f3a98744-f4db-4ba0-9ae3-0ea536d4c2f7,Patricia Garcia,user0004@example.com,True,,51,Female,Trincomalee,0781216573,frequent_shoppers,user,False,,,2025-11-11 00:00:00+00,2025-11-11 00:00:00+00
820e2ecf-776b-43c1-8fc2-f4d8272ece6d,Cynthia Ray,user0005@example.com,True,,40,Female,Negombo,0730517835,frequent_shoppers,user,False,,,2024-02-09 00:00:00+00,2024-02-09 00:00:00+00
1837c274-6e17-470b-8db4-7fe2307af9e9,Buddhika Seneviratne,user0006@example.com,True,,29,Female,Gampaha,0794183695,occasional_shoppers,user,False,,,2024-10-23 00:00:00+00,2024-10-23 00:00:00+00
ec1c560e-ac41-4c4c-97f9-82e021c570f1,Lisa Davis,user0007@example.com,True,,48,Male,Kandy,0717635653,frequent_shoppers,user,False,,,2025-08-03 00:00:00+00,2025-08-03 00:00:00+00
e854e949-c932-4af0-b39f-bfdb7d8e7aa6,Timothy Bandara,user0008@example.com,True,,59,Female,Kilinochchi,0786726461,regular_shoppers,user,False,,,2023-03-26 00:00:00+00,2023-03-26 00:00:00+00
d68bf30a-7b51-4cc1-bd80-d56f4620816d,Chamara Ray,user0009@example.com,False,,48,Female,Ratnapura,0768754920,frequent_shoppers,user,False,,,2023-12-20 00:00:00+00,2023-12-20 00:00:00+00
f460ae64-f0d7-4c85-b9a6-4c6b07b22905,Carmen Perera,user0010@example.com,False,,28,Female,Ratnapura,0722684373,frequent_shoppers,user,False,,,2024-11-16 00:00:00+00,2024-11-16 00:00:00+00
1eaf38b4-da46-4af4-8e3b-0a807efb5acf,Priya Rajapaksa,user0011@example.com,True,,34,Female,Negombo,0751638598,regular_shoppers,user,False,,,2023-10-17 00:00:00+00,2023-10-17 00:00:00+00
a8b38931-c5c2-41ac-9383-9e24a4378049,Chamara Wickramasinghe,user0012@example.com,True,,26,Female,Nuwara Eliya,0780651318,regular_shoppers,user,False,,,2023-09-19 00:00:00+00,2023-09-19 00:00:00+00
c2c55084-baf5-48fb-9f6c-37b5a57fcf1c,Monica Gunasekara,user0013@example.com,True,,50,Male,Anuradhapura,0728463709,occasional_shoppers,user,False,,,2024-01-29 00:00:00+00,2024-01-29 00:00:00+00
c4c2dffc-da8c-47d0-b4c2-8b26d798d829,Andrew Santos,user0014@example.com,True,,68,Female,Kilinochchi,0792950779,,user,False,,,2024-11-20 00:00:00+00,2024-11-20 00:00:00+00
0f05a484-d5c1-42d3-a7d3-117da06ffc68,Joel Jayasinghe,user0015@example.com,True,,28,Female,Kurunegala,0741880763,frequent_shoppers,user,False,,,2025-01-16 00:00:00+00,2025-01-16 00:00:00+00
9d2274d3-ce20-4350-b9aa-80b38551314c,Carmen Jayasinghe,user0016@example.com,True,,65,Male,Moratuwa,0747818761,frequent_shoppers,user,False,,,2025-06-21 00:00:00+00,2025-06-21 00:00:00+00
dacc3317-1c8a-4726-b70e-451038504c53,Victoria Perera,user0017@example.com,True,,28,Female,Batticaloa,0723769360,regular_shoppers,user,False,,,2025-01-30 00:00:00+00,2025-01-30 00:00:00+00
4eeeb541-863d-40f6-a80d-ed2aefba5cf9,Roshan Herath,user0018@example.com,True,,25,Female,Kilinochchi,0756920514,regular_shoppers,user,False,,,2024-03-30 00:00:00+00,2024-03-30 00:00:00+00
99d38eb0-1945-4624-98eb-508298cb5d93,Angie Garcia,user0019@example.com,True,,50,Male,Trincomalee,0797236246,,user,False,,,2023-07-22 00:00:00+00,2023-07-22 00:00:00+00
83310834-9937-4dab-9960-4ceb94e65946,Jessica Dissanayake,user0020@example.com,True,,20,Female,Negombo,0712550658,regular_shoppers,user,False,,,2023-01-11 00:00:00+00,2023-01-11 00:00:00+00
1a01a681-cd5a-4ffd-818a-e3b5ef5842c2,Mark Ray,user0021@example.com,True,,53,Female,Matara,0793592219,frequent_shoppers,user,False,,,2024-05-03 00:00:00+00,2024-05-03 00:00:00+00
6df66b90-703f-475f-9754-79f292675047,Michael Santos,user0022@example.com,True,,75,Female,Trincomalee,0742287985,regular_shoppers,user,False,,,2023-01-04 00:00:00+00,2023-01-04 00:00:00+00
ee0d4a7d-dd45-4f31-8a87-cd27dfbb2179,Kavinda Garcia,user0023@example.com,True,,60,Other,Kilinochchi,0762405812,occasional_shoppers,user,False,,,2025-11-05 00:00:00+00,2025-11-05 00:00:00+00
e5cb1990-4449-4e2d-93bf-b2b6b1c01e7f,Lauren Henderson,user0024@example.com,True,,41,Male,Badulla,0754629892,occasional_shoppers,user,False,,,2023-08-01 00:00:00+00,2023-08-01 00:00:00+00
94ed3cec-64b9-48d4-ac52-4dfd39cd023d,Joel Henderson,user0025@example.com,True,,39,Male,Gampaha,0718469210,regular_shoppers,user,False,,,2024-01-09 00:00:00+00,2024-01-09 00:00:00+00
56162d95-1eaa-40f9-bd9e-5269f80473f4,Roshan Seneviratne,user0026@example.com,True,,20,Male,Kandy,0782884346,regular_shoppers,user,False,,,2025-03-26 00:00:00+00,2025-03-26 00:00:00+00
8f721a65-a6ca-4aeb-a523-5c40320747c3,Lauren Nelson,user0027@example.com,True,,,Male,Kandy,0768646621,regular_shoppers,user,False,,,2023-09-12 00:00:00+00,2023-09-12 00:00:00+00
359495de-8947-4ccc-8489-675a4c787ba0,Connor De Silva,user0028@example.com,True,,42,Male,Badulla,0720593403,regular_shoppers,user,False,,,2023-06-19 00:00:00+00,2023-06-19 00:00:00+00
e147ee33-a8a9-4145-8396-5b7c24e51a5b,Tammy Jayasinghe,user0029@example.com,True,,29,Male,Matara,0769580374,regular_shoppers,user,False,,,2025-05-22 00:00:00+00,2025-05-22 00:00:00+00
e26016f0-15ca-4fa3-8d80-2f0f324954dd,Crystal Brooks,user0030@example.com,False,,,Male,Batticaloa,0795565484,occasional_shoppers,user,False,,,2023-04-28 00:00:00+00,2023-04-28 00:00:00+00
765f5657-0414-48e9-a418-144835404db3,Connor Burgess,user0031@example.com,True,,65,Female,Gampaha,0796592295,,user,False,,,2023-05-18 00:00:00+00,2023-05-18 00:00:00+00
2ab929b6-09af-4b59-b3e1-239c366fa1c9,Timothy Burgess,user0032@example.com,True,,54,,Gampaha,0781062902,regular_shoppers,user,False,,,2023-06-07 00:00:00+00,2023-06-07 00:00:00+00
6fca00f1-3536-4872-8c42-8709b68d6707,Timothy Hicks,user0033@example.com,True,,35,Male,Moratuwa,0744935501,rare_shoppers,user,False,,,2023-08-30 00:00:00+00,2023-08-30 00:00:00+00
4e0cd23a-cba2-4c1b-ade7-8567debd967e,Roshan Brooks,user0034@example.com,True,,57,Female,Jaffna,0769741812,frequent_shoppers,user,False,,,2023-12-20 00:00:00+00,2023-12-20 00:00:00+00
b5996cae-ab09-45ec-bc2e-e8c3d2323160,Monica Dissanayake,user0035@example.com,True,,72,Female,Vavuniya,0795590648,occasional_shoppers,user,False,,,2023-11-19 00:00:00+00,2023-11-19 00:00:00+00
200e1c1c-add6-4901-9a51-c03a19f1101c,Kimberly Dissanayake,user0036@example.com,True,,32,Male,Moratuwa,0784040798,,user,False,,,2025-01-25 00:00:00+00,2025-01-25 00:00:00+00
1485806b-76fa-49be-b019-01bb5870967a,Joel Jayasinghe,user0037@example.com,True,,22,Other,Kilinochchi,0752550733,regular_shoppers,user,False,,,2023-06-01 00:00:00+00,2023-06-01 00:00:00+00
4505b8b9-aa93-4403-9fa6-1a3f096012bc,Chamara Santos,user0038@example.com,True,,61,Male,Vavuniya,0717437386,frequent_shoppers,user,False,,,2023-09-22 00:00:00+00,2023-09-22 00:00:00+00
2c493387-42e2-403c-8eda-e95ad3b8027b,Daniel Perera,user0039@example.com,True,,28,Female,Kilinochchi,0783932683,occasional_shoppers,user,False,,,2024-05-28 00:00:00+00,2024-05-28 00:00:00+00
00b7adeb-56e5-4558-b160-e0776aed17f8,Linda Davis,user0040@example.com,True,,57,Female,Negombo,0785647532,regular_shoppers,user,False,,,2024-11-22 00:00:00+00,2024-11-22 00:00:00+00
4fd88b1b-7844-44ff-aa42-744ed34db691,Cristian Bandara,user0041@example.com,True,,23,,Batticaloa,0714064904,occasional_shoppers,user,False,,,2025-05-03 00:00:00+00,2025-05-03 00:00:00+00
a2696f7d-149e-4afe-a278-650fa764acac,Kevin Wijesinghe,user0042@example.com,True,,36,Male,Nuwara Eliya,0765783806,frequent_shoppers,user,False,,,2023-05-03 00:00:00+00,2023-05-03 00:00:00+00
9feaf981-d2f4-47a9-9748-cd81b48cf3f5,Lauren Brooks,user0043@example.com,True,,56,Female,Badulla,0724251766,frequent_shoppers,user,False,,,2025-01-28 00:00:00+00,2025-01-28 00:00:00+00
bb499f5a-8a2c-4e47-99b9-0610b3f8d991,Lisa Adams,user0044@example.com,True,,35,Male,Nuwara Eliya,0787535841,regular_shoppers,user,False,,,2023-11-24 00:00:00+00,2023-11-24 00:00:00+00
7b1de032-5785-4458-9aa3-741872901121,Isuru Rocha,user0045@example.com,True,,28,Female,Matara,0742310051,frequent_shoppers,user,False,,,2025-03-16 00:00:00+00,2025-03-16 00:00:00+00
124d27f0-c178-4811-9626-fe4200ccbd59,Rebecca Fernando,user0046@example.com,True,,21,Female,Moratuwa,0745496951,frequent_shoppers,user,False,,,2023-08-09 00:00:00+00,2023-08-09 00:00:00+00
c94bbf5b-bfff-4504-a48d-ce2901d677ba,Isuru Burgess,user0047@example.com,True,,41,,Vavuniya,0770445541,regular_shoppers,user,False,,,2023-05-31 00:00:00+00,2023-05-31 00:00:00+00
9ded5262-a5ca-47f5-9d30-07a6a4182dde,Buddhika Silva,user0048@example.com,True,,57,Male,Nuwara Eliya,0736717096,rare_shoppers,user,False,,,2025-01-18 00:00:00+00,2025-01-18 00:00:00+00
6debe5bd-12cd-4954-ae72-376be0b23481,Sachini Perera,user0049@example.com,True,,20,,Ratnapura,0779190008,regular_shoppers,user,False,,,2023-11-02 00:00:00+00,2023-11-02 00:00:00+00
281e8217-71cd-42c3-aec0-ca79f6a9b100,Joel Rocha,user0050@example.com,True,,38,Other,Matara,0785554415,regular_shoppers,user,False,,,2025-11-09 00:00:00+00,2025-11-09 00:00:00+00
5dccb727-0c18-4826-8466-168aa36a1191,Kim Peterson,user0051@example.com,True,,41,Male,Matara,0745638891,occasional_shoppers,user,False,,,2023-02-24 00:00:00+00,2023-02-24 00:00:00+00
ccba1600-0f6c-4045-b095-333828098885,Chamara Dissanayake,user0052@example.com,True,,55,Female,Kurunegala,0742507072,occasional_shoppers,user,False,,,2025-02-17 00:00:00+00,2025-02-17 00:00:00+00
0c67a794-c817-45ab-a35c-10d01797deb5,Cristian Fernando,user0053@example.com,True,,25,Male,Kalutara,0718359252,regular_shoppers,user,False,,,2025-08-23 00:00:00+00,2025-08-23 00:00:00+00
47e7af96-ba12-45c7-96e0-5343ca74363e,Roshan Davis,user0054@example.com,True,,53,Female,Ratnapura,0757551594,regular_shoppers,user,False,,,2025-12-27 00:00:00+00,2025-12-27 00:00:00+00
24cef0e0-3c2d-4921-81b1-8056e7b7848b,Sunil Seneviratne,user0055@example.com,True,,61,Female,Anuradhapura,0749945150,regular_shoppers,user,False,,,2024-09-03 00:00:00+00,2024-09-03 00:00:00+00
abcc74bc-379b-4649-af88-ae3d7c213979,David Wickramasinghe,user0056@example.com,True,,63,Male,Batticaloa,0762953249,regular_shoppers,user,False,,,2025-02-16 00:00:00+00,2025-02-16 00:00:00+00
ffb7cd61-beb1-4f5a-b724-20003d4103d6,Crystal Seneviratne,user0057@example.com,True,,36,,Galle,0738720823,regular_shoppers,user,False,,,2024-06-09 00:00:00+00,2024-06-09 00:00:00+00
75fdf23d-a4e6-4300-997d-a972760121d4,Zachary Bandara,user0058@example.com,True,,53,Male,Trincomalee,0741250794,occasional_shoppers,user,False,,,2025-12-23 00:00:00+00,2025-12-23 00:00:00+00
b1643780-394f-4732-956d-552ba521035f,Abigail Shaffer,user0059@example.com,True,,63,Female,Vavuniya,0736770527,frequent_shoppers,user,False,,,2025-09-01 00:00:00+00,2025-09-01 00:00:00+00
b3e12b28-cd1d-40b4-bf71-c81100d374ee,Buddhika Stewart,user0060@example.com,True,,59,Female,Trincomalee,0733496796,occasional_shoppers,user,False,,,2023-03-18 00:00:00+00,2023-03-18 00:00:00+00
b4e2bfbe-cbcb-4885-8ec0-5e3a6d7a0056,Angela Wijesinghe,user0061@example.com,True,,20,Male,Matara,0754968591,frequent_shoppers,user,False,,,2023-08-08 00:00:00+00,2023-08-08 00:00:00+00
2f11b809-4563-46ea-a3fc-96e4550bfc61,David Brooks,user0062@example.com,True,,52,Female,Kilinochchi,0771594457,frequent_shoppers,user,False,,,2023-08-19 00:00:00+00,2023-08-19 00:00:00+00
bfd2e7fd-0cde-4573-b97e-95c895209206,Chamara Nelson,user0063@example.com,True,,18,Female,Anuradhapura,0779159799,occasional_shoppers,user,False,,,2025-04-10 00:00:00+00,2025-04-10 00:00:00+00
84d2c0d8-6e8a-4a0b-8888-60fa51969711,Lisa Santos,user0064@example.com,True,,24,Male,Trincomalee,0745835371,,user,False,,,2025-02-24 00:00:00+00,2025-02-24 00:00:00+00
63f73b1c-ff2a-451e-ac72-47bf9ae99fb8,Jessica Stewart,user0065@example.com,True,,54,,Trincomalee,0777447155,frequent_shoppers,user,False,,,2024-09-20 00:00:00+00,2024-09-20 00:00:00+00
10b94ffc-1e7f-4903-9296-fd334e4806e1,Roshan Seneviratne,user0066@example.com,True,,25,Female,Trincomalee,0791300905,frequent_shoppers,user,False,,,2023-11-10 00:00:00+00,2023-11-10 00:00:00+00
62709bd1-e7c6-4c34-8194-d3823cf78648,Timothy Garcia,user0067@example.com,True,,48,Female,Trincomalee,0780890196,regular_shoppers,user,False,,,2023-06-17 00:00:00+00,2023-06-17 00:00:00+00
51a216da-8427-47d9-9ee5-708fee59cf05,Roshan Burgess,user0068@example.com,True,,54,Female,Anuradhapura,0769302835,frequent_shoppers,user,False,,,2024-11-02 00:00:00+00,2024-11-02 00:00:00+00
1d282da9-04de-48f4-9c0d-df05fcafc42c,Daniel Rajapaksa,user0069@example.com,True,,55,Female,Kandy,0785000490,regular_shoppers,user,False,,,2025-07-24 00:00:00+00,2025-07-24 00:00:00+00
71f3b56a-a6cb-4903-987c-54d6637c4d8d,Michael Rajapaksa,user0070@example.com,True,,64,,Colombo,0718557710,regular_shoppers,user,False,,,2023-04-03 00:00:00+00,2023-04-03 00:00:00+00
84467e80-e027-4963-92c7-0d530ebbed0b,Anil Henderson,user0071@example.com,True,,22,Male,Kurunegala,0761335545,occasional_shoppers,user,False,,,2025-05-10 00:00:00+00,2025-05-10 00:00:00+00
bb770712-7cf7-4281-aeb1-c6a41e3b2f17,Carmen Herath,user0072@example.com,True,,42,Female,Vavuniya,0782109613,occasional_shoppers,user,False,,,2023-08-31 00:00:00+00,2023-08-31 00:00:00+00
f6e7ff30-3efb-4db8-a1cf-48265cb414f6,Connor Perera,user0073@example.com,True,,32,Female,Gampaha,0740824989,regular_shoppers,user,False,,,2025-12-25 00:00:00+00,2025-12-25 00:00:00+00
178d0811-d64b-4685-be79-aa881f43dc22,Patricia Brooks,user0074@example.com,True,,35,Female,Kandy,0719031632,regular_shoppers,user,False,,,2023-02-02 00:00:00+00,2023-02-02 00:00:00+00
6c6212bd-0e7c-41d9-a974-c048a7d60533,Shannon Jayasinghe,user0075@example.com,True,,,Female,,0717575790,regular_shoppers,user,False,,,2024-04-24 00:00:00+00,2024-04-24 00:00:00+00
4465f62f-c786-43a8-868b-73090dc3d928,Joel Perera,user0076@example.com,True,,32,Female,Ratnapura,0750332555,occasional_shoppers,user,False,,,2025-12-03 00:00:00+00,2025-12-03 00:00:00+00
6d5b5344-1f99-4aa1-b382-fc016562a73c,Linda Henderson,user0077@example.com,True,,55,Female,Kalutara,0761157708,frequent_shoppers,user,False,,,2024-12-06 00:00:00+00,2024-12-06 00:00:00+00
769c5cdb-d840-4208-97ab-efd241519d88,Sarah Rocha,user0078@example.com,True,,44,Male,Moratuwa,0717734153,regular_shoppers,user,False,,,2023-10-23 00:00:00+00,2023-10-23 00:00:00+00
ae6c1e0f-36c2-4384-bdba-617350ce8a46,Priya Garcia,user0079@example.com,False,,53,Male,Ratnapura,0735566010,rare_shoppers,user,False,,,2025-01-29 00:00:00+00,2025-01-29 00:00:00+00
55410b0b-d8c0-476c-a600-31a5cb305088,Abigail Nelson,user0080@example.com,True,,56,Female,Vavuniya,0712058055,regular_shoppers,user,False,,,2024-11-12 00:00:00+00,2024-11-12 00:00:00+00
45fc758e-4328-4006-afed-72d99b02effe,Rebecca Amarasinghe,user0081@example.com,True,,65,Other,Trincomalee,0784098828,occasional_shoppers,user,False,,,2025-03-23 00:00:00+00,2025-03-23 00:00:00+00
23db0401-fe2a-442e-9be5-6753bad7e2f5,Lisa Seneviratne,user0082@example.com,True,,47,Male,Kilinochchi,0752980983,regular_shoppers,user,False,,,2025-08-19 00:00:00+00,2025-08-19 00:00:00+00
a2535f59-1582-443b-9e79-f46b87a71207,Rebecca Burgess,user0083@example.com,True,,20,Male,Batticaloa,0736332415,regular_shoppers,user,False,,,2025-05-05 00:00:00+00,2025-05-05 00:00:00+00
be7fab3c-b75c-4dbd-b7f0-44b4efa22486,Jessica Adams,user0084@example.com,True,,71,Female,Ratnapura,0757268285,occasional_shoppers,user,False,,,2025-10-01 00:00:00+00,2025-10-01 00:00:00+00
dab4c1d6-e75d-4e10-b108-fd0e0db5825b,Jennifer Davis,user0085@example.com,True,,49,Female,Kandy,0799686372,occasional_shoppers,user,False,,,2023-06-02 00:00:00+00,2023-06-02 00:00:00+00
65a46203-4a7b-4006-9bdf-0908b83707ea,Abigail Seneviratne,user0086@example.com,True,,,Female,Negombo,0718113477,,user,False,,,2025-11-01 00:00:00+00,2025-11-01 00:00:00+00
dea60ebf-a627-4c57-9b71-e8c614f141ed,Nethmi Gunasekara,user0087@example.com,True,,57,Female,,0746875077,regular_shoppers,user,False,,,2023-02-04 00:00:00+00,2023-02-04 00:00:00+00
dd379275-7374-4c5d-97c6-3ae139868635,Anil Stewart,user0088@example.com,True,,,Female,Kurunegala,0793185576,frequent_shoppers,user,False,,,2023-11-01 00:00:00+00,2023-11-01 00:00:00+00
70b0b8d9-e678-4dbe-ae3e-1428db46610f,Sarah Nelson,user0089@example.com,True,,35,Male,Gampaha,0720820219,rare_shoppers,user,False,,,2024-04-07 00:00:00+00,2024-04-07 00:00:00+00
5fc9fb07-a7b8-4264-8d51-f2b31af80983,Chamara Herath,user0090@example.com,True,,20,Male,Kandy,0768238367,occasional_shoppers,user,False,,,2023-06-19 00:00:00+00,2023-06-19 00:00:00+00
ce49bd9a-4df4-4e50-ae57-8f98c41c1899,Chamara Dissanayake,user0091@example.com,True,,72,Female,Trincomalee,0719978827,occasional_shoppers,user,False,,,2025-08-31 00:00:00+00,2025-08-31 00:00:00+00
c95ab84f-a9d1-4dd3-ae72-190b64fc17b2,Sunil Amarasinghe,user0092@example.com,True,,52,Male,Ratnapura,0763458386,,user,False,,,2024-02-29 00:00:00+00,2024-02-29 00:00:00+00
296bbe64-2972-48ed-af53-998eea3d636f,Gabrielle Stewart,user0093@example.com,True,,33,Female,Vavuniya,0720526386,occasional_shoppers,user,False,,,2023-10-14 00:00:00+00,2023-10-14 00:00:00+00
c3a53743-63ca-47a7-831d-faf1b605b671,Cynthia De Silva,user0094@example.com,True,,21,Male,Nuwara Eliya,0770471823,regular_shoppers,user,False,,,2024-07-13 00:00:00+00,2024-07-13 00:00:00+00
1656e7e7-de43-44e6-8672-8053b48cd0bb,Kevin Adams,user0095@example.com,True,,42,Female,Galle,0721010955,regular_shoppers,user,False,,,2024-05-19 00:00:00+00,2024-05-19 00:00:00+00
6ecbb44b-506a-4d68-9e91-7044a1d39313,Linda Davis,user0096@example.com,True,,68,Female,Jaffna,0746207439,rare_shoppers,user,False,,,2025-06-29 00:00:00+00,2025-06-29 00:00:00+00
e5049b48-2118-4f74-aea8-896dcd35b15e,Shannon Davis,user0097@example.com,True,,45,Female,Colombo,0711656329,regular_shoppers,user,False,,,2024-10-26 00:00:00+00,2024-10-26 00:00:00+00
3259120b-7b78-4da6-b4df-1098ca360440,David Garcia,user0098@example.com,True,,23,Female,Trincomalee,0746093692,frequent_shoppers,user,False,,,2025-02-18 00:00:00+00,2025-02-18 00:00:00+00
f499b84c-444d-4e86-b687-0ccb100da0dc,Kim Nelson,user0099@example.com,True,,22,Male,Galle,0736246038,rare_shoppers,user,False,,,2025-10-12 00:00:00+00,2025-10-12 00:00:00+00
6e681604-dc6c-47da-ab06-d647f4cccad3,Michael Shaffer,user0100@example.com,True,,18,Male,Ratnapura,0790961645,regular_shoppers,user,False,,,2023-10-06 00:00:00+00,2023-10-06 00:00:00+00
45ed7cc9-0d33-429b-b2cf-b500dd34d0dc,Kumari Ray,user0101@example.com,True,,29,Other,Moratuwa,0762738860,occasional_shoppers,user,False,,,2024-10-29 00:00:00+00,2024-10-29 00:00:00+00
e8288fef-1922-4077-8513-3cad765441f0,Timothy Shaffer,user0102@example.com,True,,30,Female,Vavuniya,0738138531,,user,False,,,2025-08-03 00:00:00+00,2025-08-03 00:00:00+00
9113ce98-fce6-45d9-8303-f8c7a9458860,Carmen Dissanayake,user0103@example.com,True,,62,Female,Moratuwa,0766791272,regular_shoppers,user,False,,,2024-06-01 00:00:00+00,2024-06-01 00:00:00+00
429c5cd5-0340-42e1-9830-5f69215291ef,Victoria Santos,user0104@example.com,True,,56,Male,Kalutara,0782062301,occasional_shoppers,user,False,,,2025-01-06 00:00:00+00,2025-01-06 00:00:00+00
ac81ca0a-2e4f-495f-b4f8-bc902e77ef52,Sachini Gunasekara,user0105@example.com,True,,24,Female,Kandy,0754506155,regular_shoppers,user,False,,,2025-03-29 00:00:00+00,2025-03-29 00:00:00+00
09927369-052f-4717-989a-b030d76d3190,Tammy Shaffer,user0106@example.com,True,,,Female,Trincomalee,0713296743,regular_shoppers,user,False,,,2025-10-21 00:00:00+00,2025-10-21 00:00:00+00
606939b9-c70a-46e6-8504-5a69f269fa10,Lauren Shaffer,user0107@example.com,True,,23,Female,Matara,0773909453,occasional_shoppers,user,False,,,2025-12-03 00:00:00+00,2025-12-03 00:00:00+00
5ec5db72-3bdb-4fc4-a2c9-46345a9be829,Shannon Brooks,user0108@example.com,True,,46,Male,Jaffna,0732059232,,user,False,,,2024-12-03 00:00:00+00,2024-12-03 00:00:00+00
e8418ed5-4d6a-4618-989c-c64b6d4ef34a,Thilini Adams,user0109@example.com,True,,53,Female,Trincomalee,0768000104,regular_shoppers,user,False,,,2024-01-17 00:00:00+00,2024-01-17 00:00:00+00
98ee2812-bccc-4158-af43-2a855b895777,Connor Hill,user0110@example.com,True,,74,Female,Anuradhapura,0782060023,occasional_shoppers,user,False,,,2023-05-09 00:00:00+00,2023-05-09 00:00:00+00
59a7663d-9dfe-4459-a79c-902f7e1da0b2,Kimberly Burgess,user0111@example.com,True,,47,Female,Ratnapura,0771453007,regular_shoppers,user,False,,,2023-08-22 00:00:00+00,2023-08-22 00:00:00+00
ab8ef3f9-4340-4fa3-af3c-585a6fbe40c4,Nethmi Herrera,user0112@example.com,True,,63,Female,Negombo,0728972822,regular_shoppers,user,False,,,2023-08-28 00:00:00+00,2023-08-28 00:00:00+00
d932c63a-0ae5-4d72-a53d-05d2c0f2a1b9,Cynthia Hicks,user0113@example.com,True,,26,Male,Vavuniya,0775718640,regular_shoppers,user,False,,,2023-12-21 00:00:00+00,2023-12-21 00:00:00+00
2690d3f9-c509-47dd-b314-700d387a2cff,David Davis,user0114@example.com,True,,71,Male,Colombo,0777838742,frequent_shoppers,user,False,,,2025-02-25 00:00:00+00,2025-02-25 00:00:00+00
b07900bf-0cdd-4533-bf16-2fde35c684fd,Chamara Peterson,user0115@example.com,True,,49,Female,Galle,0746890134,occasional_shoppers,user,False,,,2024-03-27 00:00:00+00,2024-03-27 00:00:00+00
f67c5dae-a0c1-4a4b-b702-e1b97bb22605,Tricia Silva,user0116@example.com,True,,67,Female,Vavuniya,0759239353,regular_shoppers,user,False,,,2024-07-02 00:00:00+00,2024-07-02 00:00:00+00
a38ac30f-b3f6-49df-aea3-4a7ff5562f5d,Anil Bandara,user0117@example.com,True,,66,Female,Jaffna,0714325890,occasional_shoppers,user,False,,,2024-05-21 00:00:00+00,2024-05-21 00:00:00+00
47dd3dc1-ddda-4eea-8e88-f648658f4b49,Carmen Nelson,user0118@example.com,True,,70,Female,Trincomalee,0791907952,occasional_shoppers,user,False,,,2024-12-19 00:00:00+00,2024-12-19 00:00:00+00
9525f14b-d249-498b-a400-776ebf441735,Tharaka Garcia,user0119@example.com,True,,26,Female,Badulla,0749276764,regular_shoppers,user,False,,,2023-12-11 00:00:00+00,2023-12-11 00:00:00+00
363a2706-2d9b-49dd-8d02-1ad62d997baa,David Fernando,user0120@example.com,True,,72,Female,Negombo,0798032908,occasional_shoppers,user,False,,,2023-05-02 00:00:00+00,2023-05-02 00:00:00+00
2970a24a-4dd6-4228-bc1d-3bc1b904516f,Joel Wickramasinghe,user0121@example.com,True,,33,Male,Nuwara Eliya,0760354777,regular_shoppers,user,False,,,2024-07-04 00:00:00+00,2024-07-04 00:00:00+00
b21bc7d4-d7bc-4098-b75c-99aecdd8edce,Carmen Santos,user0122@example.com,True,,74,Male,Badulla,0722501261,regular_shoppers,user,False,,,2023-01-06 00:00:00+00,2023-01-06 00:00:00+00
c696b7eb-8331-4253-ad8b-46f9d325a7a2,Isuru Brooks,user0123@example.com,True,,62,Male,Anuradhapura,0748063218,occasional_shoppers,user,False,,,2025-10-10 00:00:00+00,2025-10-10 00:00:00+00
5334f824-5066-4f47-8176-749e646fed72,Jessica Silva,user0124@example.com,False,,54,Female,Kandy,0731204188,,user,False,,,2025-07-30 00:00:00+00,2025-07-30 00:00:00+00
751cd21d-eadc-49d1-af59-79f66513c6fd,Carmen Brooks,user0125@example.com,False,,,Male,Negombo,0758376818,regular_shoppers,user,False,,,2024-07-15 00:00:00+00,2024-07-15 00:00:00+00
06230d81-d911-48c6-b8a0-7b332ef833e4,Mark Santos,user0126@example.com,False,,75,Male,Trincomalee,0773995913,frequent_shoppers,user,False,,,2023-07-14 00:00:00+00,2023-07-14 00:00:00+00
38f3fb0f-76cf-4b64-94e5-4d84d2a25b92,Gabrielle Davis,user0127@example.com,True,,51,Male,Jaffna,0740728728,regular_shoppers,user,False,,,2023-09-28 00:00:00+00,2023-09-28 00:00:00+00
4273feb4-e97e-4a81-8990-39ab77efaef7,Victoria Santos,user0128@example.com,True,,24,Male,Nuwara Eliya,0729173414,occasional_shoppers,user,False,,,2023-09-30 00:00:00+00,2023-09-30 00:00:00+00
a2587302-adef-4794-ad3a-20297d89a2ef,Gabrielle Perera,user0129@example.com,True,,57,Male,Negombo,0721635070,regular_shoppers,user,False,,,2025-06-25 00:00:00+00,2025-06-25 00:00:00+00
986f1f3a-670f-4e0e-be29-5be86e0cb96e,Shannon Davis,user0130@example.com,True,,55,Male,Negombo,0790531692,regular_shoppers,user,False,,,2024-05-23 00:00:00+00,2024-05-23 00:00:00+00
4f9c4e76-2892-4eae-82b5-1ef8e7d5262b,Isuru Jayasinghe,user0131@example.com,True,,62,,Matara,0749666982,regular_shoppers,user,False,,,2024-01-22 00:00:00+00,2024-01-22 00:00:00+00
4cf420d9-0e04-422f-9f2a-1056c09de080,Chamara Henderson,user0132@example.com,True,,68,Female,Moratuwa,0752476240,frequent_shoppers,user,False,,,2023-01-25 00:00:00+00,2023-01-25 00:00:00+00
987596f5-3fab-4839-9921-63cb890507bb,Joel Hicks,user0133@example.com,True,,54,Female,Moratuwa,0711851322,occasional_shoppers,user,False,,,2023-02-04 00:00:00+00,2023-02-04 00:00:00+00
a0f77f29-8fa0-4217-ab61-53265872d5f1,Mark Ray,user0134@example.com,False,,,Female,Kilinochchi,0782016510,regular_shoppers,user,False,,,2025-04-03 00:00:00+00,2025-04-03 00:00:00+00
5ac38f05-48f2-42b3-a28b-950aaab9509d,Anil Jayasinghe,user0135@example.com,True,,23,Female,Negombo,0768718382,regular_shoppers,user,False,,,2023-05-16 00:00:00+00,2023-05-16 00:00:00+00
376649bf-33b5-4881-8345-78b89e6eac62,Isuru Herath,user0136@example.com,True,,33,Male,Kandy,0728416255,occasional_shoppers,user,False,,,2023-12-26 00:00:00+00,2023-12-26 00:00:00+00
f4052e0e-d8bd-484e-9b25-bbf0edc49af8,Kumari Hill,user0137@example.com,True,,40,Female,Kurunegala,0725845304,occasional_shoppers,user,False,,,2024-07-04 00:00:00+00,2024-07-04 00:00:00+00
33d90d7d-98fe-4e9a-bcac-6d2a43f29513,Angie Rocha,user0138@example.com,True,,35,Male,Galle,0786086168,regular_shoppers,user,False,,,2023-04-24 00:00:00+00,2023-04-24 00:00:00+00
0d308ce9-3320-4d3c-8104-08aefedd79de,Jennifer Burgess,user0139@example.com,True,,67,Female,Trincomalee,0773319171,frequent_shoppers,user,False,,,2023-01-26 00:00:00+00,2023-01-26 00:00:00+00
29c8da21-4679-4d63-a137-a4a5ceca13da,Timothy Hicks,user0140@example.com,True,,29,Female,Kalutara,0720453825,regular_shoppers,user,False,,,2024-10-17 00:00:00+00,2024-10-17 00:00:00+00
2a6bef89-3e13-4d82-ad52-b84b99917c04,Kavinda Burgess,user0141@example.com,True,,61,Male,Kandy,0751701149,frequent_shoppers,user,False,,,2025-08-10 00:00:00+00,2025-08-10 00:00:00+00
baed9f3b-b8c9-4d06-a96b-c39010cedf20,Lisa Santos,user0142@example.com,True,,18,Male,Trincomalee,0736229153,regular_shoppers,user,False,,,2025-10-07 00:00:00+00,2025-10-07 00:00:00+00
611fb654-ac94-484f-a471-e1f09199983f,Isuru Wijesinghe,user0143@example.com,True,,68,Male,Trincomalee,0710196231,regular_shoppers,user,False,,,2023-01-20 00:00:00+00,2023-01-20 00:00:00+00
34fc08f5-9e21-4ac5-ab98-91e7aa30af5b,Buddhika Rajapaksa,user0144@example.com,True,,65,Male,Trincomalee,0722485824,rare_shoppers,user,False,,,2023-10-19 00:00:00+00,2023-10-19 00:00:00+00
3b3c3962-90b2-45ba-984e-2e3397a7b27c,Cristian Amarasinghe,user0145@example.com,False,,72,Female,Galle,0786211608,regular_shoppers,user,False,,,2025-03-18 00:00:00+00,2025-03-18 00:00:00+00
7c1d06c7-be2c-4f5b-9599-4bd50f4a3e67,Abigail Garcia,user0146@example.com,True,,26,Male,Nuwara Eliya,0741354768,occasional_shoppers,user,False,,,2024-10-13 00:00:00+00,2024-10-13 00:00:00+00
bfe30585-4075-4348-b782-34c0dc8da880,Gabrielle Ray,user0147@example.com,True,,67,Male,Gampaha,0737868462,frequent_shoppers,user,False,,,2025-01-03 00:00:00+00,2025-01-03 00:00:00+00
01bc2811-d4b1-4011-96c9-95d3aa4cb4a5,Carmen Stewart,user0148@example.com,False,,72,Male,Kandy,0743315361,occasional_shoppers,user,False,,,2023-10-31 00:00:00+00,2023-10-31 00:00:00+00
6a34497e-75f6-4117-8064-e63de6e38824,Crystal Hicks,user0149@example.com,False,,61,Female,Nuwara Eliya,0723677772,regular_shoppers,user,False,,,2024-05-26 00:00:00+00,2024-05-26 00:00:00+00
a606d7e1-9c0c-4543-9c1c-a35574655ad6,Joel Shaffer,user0150@example.com,True,,,Other,Nuwara Eliya,0744738319,regular_shoppers,user,False,,,2023-06-22 00:00:00+00,2023-06-22 00:00:00+00
fe230d9f-914b-4ee9-914e-5804d37b6830,Gabrielle Hill,user0151@example.com,True,,30,Male,Ratnapura,0787025433,rare_shoppers,user,False,,,2023-04-14 00:00:00+00,2023-04-14 00:00:00+00
343b3146-6722-4711-ba80-33e8899c5f27,Tammy Bandara,user0152@example.com,True,,49,,Kurunegala,0729948970,rare_shoppers,user,False,,,2024-07-17 00:00:00+00,2024-07-17 00:00:00+00
005e189c-1f31-4d40-b284-ae934a06cb9b,Cristian Jayasinghe,user0153@example.com,True,,33,Female,Moratuwa,0796255361,regular_shoppers,user,False,,,2023-10-09 00:00:00+00,2023-10-09 00:00:00+00
bbe0730e-0242-422f-bc3e-70abf851ae9b,Sarah Adams,user0154@example.com,True,,69,Male,Badulla,0777430081,occasional_shoppers,user,False,,,2024-12-05 00:00:00+00,2024-12-05 00:00:00+00
ca6144be-67d1-4535-8eac-0819c50e9e92,Lisa Hicks,user0155@example.com,True,,19,Male,Batticaloa,0788381665,rare_shoppers,user,False,,,2025-12-20 00:00:00+00,2025-12-20 00:00:00+00
97b67878-9e28-4f29-baf2-1148fbc0bfb3,Tricia Herrera,user0156@example.com,True,,60,Female,Kandy,0733315234,rare_shoppers,user,False,,,2025-03-06 00:00:00+00,2025-03-06 00:00:00+00
35b7c48a-f66e-46cc-9a27-42ab357eab45,Kimberly Adams,user0157@example.com,True,,69,Male,Badulla,0776065552,regular_shoppers,user,False,,,2024-01-21 00:00:00+00,2024-01-21 00:00:00+00
036a6b15-0a28-4d96-b2fe-bdac7892860a,Anil Stewart,user0158@example.com,True,,20,Male,Kilinochchi,0755735904,regular_shoppers,user,False,,,2024-02-17 00:00:00+00,2024-02-17 00:00:00+00
96c99cd6-3cbb-426c-b5b9-22485ceabdc4,Roshan Herrera,user0159@example.com,True,,72,Male,Negombo,0760142505,occasional_shoppers,user,False,,,2025-01-17 00:00:00+00,2025-01-17 00:00:00+00
3c551f75-9cd5-4705-9dc9-833c601338c3,Roshan Rajapaksa,user0160@example.com,True,,24,Male,Kalutara,0785427317,rare_shoppers,user,False,,,2024-10-11 00:00:00+00,2024-10-11 00:00:00+00
d366db59-f2c6-4cc8-8cbd-3442a136fdbf,Kumari Wijesinghe,user0161@example.com,True,,68,Female,Nuwara Eliya,0710241310,occasional_shoppers,user,False,,,2023-09-18 00:00:00+00,2023-09-18 00:00:00+00
dff3728e-39fd-4723-9754-37b3af32810c,Kumari Fernando,user0162@example.com,True,,67,Male,Trincomalee,0720443030,frequent_shoppers,user,False,,,2025-10-13 00:00:00+00,2025-10-13 00:00:00+00
1f5831e0-619d-4b63-8959-c1e3ee70d6c4,Patricia Burgess,user0163@example.com,True,,28,Other,Ratnapura,0757040785,regular_shoppers,user,False,,,2024-05-26 00:00:00+00,2024-05-26 00:00:00+00
ce50664f-aba0-477a-af0f-8082deedca65,Mark Dissanayake,user0164@example.com,True,,18,,Kalutara,0757141449,occasional_shoppers,user,False,,,2025-10-06 00:00:00+00,2025-10-06 00:00:00+00
14ebb4b0-a7c3-4cf4-baaa-ddb8a51a5c25,Anil Hicks,user0165@example.com,True,,48,Female,Trincomalee,0752777459,frequent_shoppers,user,False,,,2023-03-10 00:00:00+00,2023-03-10 00:00:00+00
e5784db8-d866-439a-814d-8687cf3bd4f0,Mark Shaffer,user0166@example.com,True,,28,Male,Galle,0767891237,rare_shoppers,user,False,,,2025-09-15 00:00:00+00,2025-09-15 00:00:00+00
c527a8c8-7b88-4946-a650-bea29b0595ca,Chamara Herrera,user0167@example.com,True,,45,Male,Anuradhapura,0749916439,regular_shoppers,user,False,,,2024-06-27 00:00:00+00,2024-06-27 00:00:00+00
286bac03-d2c9-4cad-b712-6de7e8c59d59,Patricia Shaffer,user0168@example.com,True,,,Female,Badulla,0798854850,,user,False,,,2023-06-29 00:00:00+00,2023-06-29 00:00:00+00
80c51916-46d7-4b4a-a20f-6f1323b50e67,Tharaka Jayasinghe,user0169@example.com,True,,24,,Matara,0763347164,regular_shoppers,user,False,,,2023-08-25 00:00:00+00,2023-08-25 00:00:00+00
e2b4c1f5-2450-4eb8-86b2-849d7fdbd213,Lauren Peterson,user0170@example.com,True,,34,Female,Nuwara Eliya,0745353058,regular_shoppers,user,False,,,2024-06-23 00:00:00+00,2024-06-23 00:00:00+00
baf9dc4e-6c21-4c93-aeee-77607fa257d9,Tricia Bandara,user0171@example.com,True,,21,Female,Badulla,0761956500,regular_shoppers,user,False,,,2024-04-10 00:00:00+00,2024-04-10 00:00:00+00
fc4fd3d6-071e-4ebf-96c6-dacd2e239fed,Sarah Garcia,user0172@example.com,True,,61,Male,Moratuwa,0779366056,regular_shoppers,user,False,,,2023-03-13 00:00:00+00,2023-03-13 00:00:00+00
39267da0-3bb9-4049-b940-91bcbbc0b5db,Kavinda Rajapaksa,user0173@example.com,False,,27,Female,Kurunegala,0720518444,occasional_shoppers,user,False,,,2023-09-16 00:00:00+00,2023-09-16 00:00:00+00
1c927ff0-7bf7-4aa4-ba4d-014bf6567a50,Sunil Garcia,user0174@example.com,True,,70,Female,Galle,0779751366,regular_shoppers,user,False,,,2024-10-29 00:00:00+00,2024-10-29 00:00:00+00
f83058d2-a669-47b1-abc6-7909d539c0f9,Michael Amarasinghe,user0175@example.com,True,,68,Female,Jaffna,0785522135,frequent_shoppers,user,False,,,2023-07-25 00:00:00+00,2023-07-25 00:00:00+00
425ef880-99bf-4973-a977-c52e971612dd,Shannon Dissanayake,user0176@example.com,True,,52,Female,Moratuwa,0729307578,regular_shoppers,user,False,,,2023-12-19 00:00:00+00,2023-12-19 00:00:00+00
6e1ae515-8370-49a5-820c-4c29bdd0ec35,Nethmi Jayasinghe,user0177@example.com,True,,43,,Ratnapura,0759988144,frequent_shoppers,user,False,,,2025-08-31 00:00:00+00,2025-08-31 00:00:00+00
095fca77-41fd-4b85-ab7d-81bdea0217a2,Angie Rocha,user0178@example.com,True,,37,Female,Jaffna,0769473299,regular_shoppers,user,False,,,2024-09-07 00:00:00+00,2024-09-07 00:00:00+00
aef4e9e1-bc31-4534-856a-bb85435b5c10,Lisa Nelson,user0179@example.com,True,,56,Male,Kalutara,0779158328,occasional_shoppers,user,False,,,2025-02-04 00:00:00+00,2025-02-04 00:00:00+00
733a2d35-4481-429c-ac3c-1057075337e3,Jennifer Santos,user0180@example.com,True,,50,Female,Colombo,0743486016,occasional_shoppers,user,False,,,2024-02-16 00:00:00+00,2024-02-16 00:00:00+00
ecb2ef5f-92e4-4164-bf70-79c0e1959683,Cristian Brooks,user0181@example.com,True,,41,Male,Kilinochchi,0775603845,rare_shoppers,user,False,,,2023-03-04 00:00:00+00,2023-03-04 00:00:00+00
75938948-4568-4087-b594-cd493a7c349a,Sachini Brooks,user0182@example.com,False,,73,Female,Batticaloa,0716664050,occasional_shoppers,user,False,,,2024-08-06 00:00:00+00,2024-08-06 00:00:00+00
0326e034-3e5e-4173-924c-6d1795e091b1,Jennifer Herath,user0183@example.com,True,,31,Female,Batticaloa,0727758896,regular_shoppers,user,False,,,2023-01-19 00:00:00+00,2023-01-19 00:00:00+00
74fd2966-9ac0-4128-82c2-b688ea84613d,Chamara Herrera,user0184@example.com,True,,18,Female,Batticaloa,0739287523,regular_shoppers,user,False,,,2024-12-15 00:00:00+00,2024-12-15 00:00:00+00
df8dd9f2-480b-4a17-9e04-85dd1965626c,Michael Stewart,user0185@example.com,True,,70,Female,,0789694801,rare_shoppers,user,False,,,2025-02-05 00:00:00+00,2025-02-05 00:00:00+00
967f472b-9dd9-4059-8901-0c9c558b7d6c,Sachini Stewart,user0186@example.com,True,,24,Male,Ratnapura,0779429969,regular_shoppers,user,False,,,2024-09-03 00:00:00+00,2024-09-03 00:00:00+00
17ee84af-d13f-42f5-8e60-3d698d86bc84,Buddhika Adams,user0187@example.com,True,,69,Female,Ratnapura,0744819604,occasional_shoppers,user,False,,,2025-10-15 00:00:00+00,2025-10-15 00:00:00+00
01bafe0c-0672-4bd5-a066-c070234567db,Angela Hicks,user0188@example.com,True,,20,Other,Ratnapura,0773852097,regular_shoppers,user,False,,,2025-12-30 00:00:00+00,2025-12-30 00:00:00+00
04a29a2c-8953-49e2-91ac-62b613282005,Nimal Burgess,user0189@example.com,True,,72,Female,Matara,0785031958,frequent_shoppers,user,False,,,2024-06-13 00:00:00+00,2024-06-13 00:00:00+00
fb8ce49e-3b5d-4688-9b8a-c1bf6c71eb2a,Buddhika Amarasinghe,user0190@example.com,True,,61,Female,Trincomalee,0788593968,regular_shoppers,user,False,,,2024-11-09 00:00:00+00,2024-11-09 00:00:00+00
1a0182e4-35b0-4b43-a93e-d00b00d3b870,David Brooks,user0191@example.com,True,,48,Female,Galle,0761226775,frequent_shoppers,user,False,,,2023-09-03 00:00:00+00,2023-09-03 00:00:00+00
e348cb2d-ca64-4811-915c-e2876662c61f,Sarah Stewart,user0192@example.com,True,,73,Male,Kalutara,0734207075,occasional_shoppers,user,False,,,2025-07-26 00:00:00+00,2025-07-26 00:00:00+00
e812eb3a-d44e-47ea-9634-2b11353176d1,Monica Peterson,user0193@example.com,True,,29,Male,Anuradhapura,0721816709,frequent_shoppers,user,False,,,2023-11-21 00:00:00+00,2023-11-21 00:00:00+00
90433185-291c-488e-84ca-5d91e5042f06,Joel Jayasinghe,user0194@example.com,True,,45,Other,Kandy,0781274148,occasional_shoppers,user,False,,,2023-01-29 00:00:00+00,2023-01-29 00:00:00+00
d353b006-5521-4237-8b0f-bf90a3cf473d,Zachary Hill,user0195@example.com,True,,58,Male,Matara,0716136213,regular_shoppers,user,False,,,2024-09-18 00:00:00+00,2024-09-18 00:00:00+00
681d34b8-ee8a-4e1f-a584-288c07d90b3d,Kim Stewart,user0196@example.com,True,,51,Male,Negombo,0732130289,rare_shoppers,user,False,,,2025-01-05 00:00:00+00,2025-01-05 00:00:00+00
1fa68cbb-fa64-4963-93f7-43278dbdcf40,Connor Hill,user0197@example.com,True,,64,Male,,0795942441,frequent_shoppers,user,False,,,2023-03-18 00:00:00+00,2023-03-18 00:00:00+00
45a897f2-fe48-4d4c-a0ea-1918507f27e0,Mark Seneviratne,user0198@example.com,True,,21,Male,Colombo,0761036796,,user,False,,,2023-08-26 00:00:00+00,2023-08-26 00:00:00+00
45e07755-07c3-409b-b958-03a6119948cd,Daniel Silva,user0199@example.com,True,,62,Female,Matara,0791286864,frequent_shoppers,user,False,,,2025-12-01 00:00:00+00,2025-12-01 00:00:00+00
64c02cf3-9fd1-45c1-a8d8-94d1527b3e7a,Kumari Davis,user0200@example.com,True,,75,Female,Jaffna,0780215481,regular_shoppers,user,False,,,2024-02-14 00:00:00+00,2024-02-14 00:00:00+00
00a2581d-cb03-4677-9065-77d824bb8efc,Zachary Burgess,user0201@example.com,True,,36,Female,Moratuwa,0787061479,frequent_shoppers,user,False,,,2023-07-02 00:00:00+00,2023-07-02 00:00:00+00
bc1fcce3-dd91-480d-a4c1-d7416eea1e1f,Nimal Peterson,user0202@example.com,True,,23,Male,Batticaloa,0716721650,regular_shoppers,user,False,,,2024-08-29 00:00:00+00,2024-08-29 00:00:00+00
73999663-f517-435e-a9bd-f6209ee18c40,Shannon Bandara,user0203@example.com,False,,20,Male,Kalutara,0728574987,frequent_shoppers,user,False,,,2023-04-04 00:00:00+00,2023-04-04 00:00:00+00
f29e9e0a-3eb2-4510-bff7-fa602c6f930d,Nimal Gunasekara,user0204@example.com,True,,40,Female,Galle,0771275585,regular_shoppers,user,False,,,2023-08-22 00:00:00+00,2023-08-22 00:00:00+00
10ea7bf2-e99e-4c7f-a178-803bada6ddab,Linda Bandara,user0205@example.com,True,,72,Male,Kurunegala,0731393688,occasional_shoppers,user,False,,,2023-05-01 00:00:00+00,2023-05-01 00:00:00+00
0603933f-962e-4c1a-b531-a592d1647c41,Shannon Garcia,user0206@example.com,True,,48,Female,Nuwara Eliya,0775514730,regular_shoppers,user,False,,,2023-09-25 00:00:00+00,2023-09-25 00:00:00+00
06da24d7-e0b5-445d-a66c-2e1900ca3291,Daniel Wijesinghe,user0207@example.com,True,,20,Female,,0799904987,regular_shoppers,user,False,,,2024-04-03 00:00:00+00,2024-04-03 00:00:00+00
a115da72-2238-47c1-90f7-01be6852fd67,Jessica Perera,user0208@example.com,True,,62,Male,Moratuwa,0784939694,occasional_shoppers,user,False,,,2025-02-27 00:00:00+00,2025-02-27 00:00:00+00
0d922a36-97c8-401d-85c3-395b7d1796de,Nethmi Henderson,user0209@example.com,True,,,Female,Moratuwa,0754411953,frequent_shoppers,user,False,,,2025-10-03 00:00:00+00,2025-10-03 00:00:00+00
8c712015-8376-4066-885e-ed4ab12ed2e8,Linda Henderson,user0210@example.com,True,,53,Male,Gampaha,0770004467,regular_shoppers,user,False,,,2023-06-30 00:00:00+00,2023-06-30 00:00:00+00
55233b48-a2c9-4d3c-aba5-ca1eb0142728,Lisa Shaffer,user0211@example.com,True,,65,Male,Vavuniya,0785475000,occasional_shoppers,user,False,,,2024-09-15 00:00:00+00,2024-09-15 00:00:00+00
90bedb48-2143-4c8f-97ce-44adaca4ecfe,Rebecca Gunasekara,user0212@example.com,True,,39,Male,Gampaha,0758760568,occasional_shoppers,user,False,,,2025-08-26 00:00:00+00,2025-08-26 00:00:00+00
057b5cd1-eabf-4ce4-b468-85b85fadd6c2,Roshan Brooks,user0213@example.com,False,,66,Male,Matara,0732032560,regular_shoppers,user,False,,,2023-08-06 00:00:00+00,2023-08-06 00:00:00+00
82d15172-bbce-424a-bc65-2085b89d008d,Kevin Davis,user0214@example.com,True,,65,Male,Anuradhapura,0735579048,occasional_shoppers,user,False,,,2024-03-17 00:00:00+00,2024-03-17 00:00:00+00
96e62a9b-73be-483a-ade9-268b778c3650,Roshan Rocha,user0215@example.com,True,,44,,Jaffna,0776951647,regular_shoppers,user,False,,,2025-10-29 00:00:00+00,2025-10-29 00:00:00+00
d89801a4-d74b-4eb7-adda-f93e4671fc0a,Allison Perera,user0216@example.com,True,,53,Female,Kilinochchi,0727231111,rare_shoppers,user,False,,,2023-12-22 00:00:00+00,2023-12-22 00:00:00+00
e22f88b8-ef66-4aaa-af0b-53c4615f9e06,Shannon Hicks,user0217@example.com,True,,56,Female,Trincomalee,0727900864,rare_shoppers,user,False,,,2024-08-25 00:00:00+00,2024-08-25 00:00:00+00
ace6bf7b-e0dc-4ad6-8067-ad415570a94f,Joel Garcia,user0218@example.com,True,,74,Male,Ratnapura,0793774355,rare_shoppers,user,False,,,2024-03-21 00:00:00+00,2024-03-21 00:00:00+00
370829bc-205f-4207-a700-567987413774,Roshan Stewart,user0219@example.com,True,,61,Female,Kurunegala,0757276557,occasional_shoppers,user,False,,,2024-10-22 00:00:00+00,2024-10-22 00:00:00+00
cc651fff-5ff9-4698-a099-4dc780132c56,Priya Peterson,user0220@example.com,True,,60,Female,Vavuniya,0713391969,occasional_shoppers,user,False,,,2023-01-27 00:00:00+00,2023-01-27 00:00:00+00
174f4adf-2ea4-46ff-b880-7d70c1652547,Victoria Davis,user0221@example.com,True,,21,Female,Matara,0749613096,frequent_shoppers,user,False,,,2023-05-08 00:00:00+00,2023-05-08 00:00:00+00
7c785b51-658b-4d4a-b51d-267f24302ad7,Rebecca Seneviratne,user0222@example.com,True,,40,Male,Vavuniya,0748606206,occasional_shoppers,user,False,,,2025-03-07 00:00:00+00,2025-03-07 00:00:00+00
99c375d8-d4c2-46a6-8b14-480cc7844c99,Kumari Rajapaksa,user0223@example.com,True,,,Male,Ratnapura,0769467023,frequent_shoppers,user,False,,,2024-05-29 00:00:00+00,2024-05-29 00:00:00+00
2d77dbba-ff44-40ab-bf3c-12e937d9d053,Tricia Amarasinghe,user0224@example.com,True,,63,Female,Anuradhapura,0719995059,rare_shoppers,user,False,,,2024-08-25 00:00:00+00,2024-08-25 00:00:00+00
dae4d440-5960-4c7b-8547-cc7594d4bcea,Kimberly Herrera,user0225@example.com,True,,25,Male,Negombo,0730777669,occasional_shoppers,user,False,,,2023-01-12 00:00:00+00,2023-01-12 00:00:00+00
d9d72844-822f-4f74-be78-d4c557ae1663,Cristian Davis,user0226@example.com,False,,56,Female,Matara,0752662313,regular_shoppers,user,False,,,2025-01-03 00:00:00+00,2025-01-03 00:00:00+00
33a0c849-f2ff-4e7a-af98-9e72719366f6,Sarah Adams,user0227@example.com,True,,51,Female,Vavuniya,0754434998,regular_shoppers,user,False,,,2024-03-12 00:00:00+00,2024-03-12 00:00:00+00
697e2edb-79c1-40a0-bbb0-c019f3926e5f,Timothy Stewart,user0228@example.com,True,,66,Male,Colombo,0792369566,regular_shoppers,user,False,,,2024-05-07 00:00:00+00,2024-05-07 00:00:00+00
67abcbff-d2ad-42a2-81cf-21870c77d084,Nethmi Adams,user0229@example.com,False,,61,Male,Jaffna,0779372824,regular_shoppers,user,False,,,2024-08-02 00:00:00+00,2024-08-02 00:00:00+00
a462220e-8a4a-43fb-9c3c-7f12a4070659,Timothy Perera,user0230@example.com,True,,46,Male,Ratnapura,0782205759,rare_shoppers,user,False,,,2023-12-09 00:00:00+00,2023-12-09 00:00:00+00
599ac079-4277-402c-ab9e-79a32a4198c5,Anil Hill,user0231@example.com,True,,31,Female,Kalutara,0719679848,regular_shoppers,user,False,,,2025-06-10 00:00:00+00,2025-06-10 00:00:00+00
f096e929-67fb-4c14-9264-46d0bc777070,Thilini Rajapaksa,user0232@example.com,True,,47,Male,Kurunegala,0764711545,regular_shoppers,user,False,,,2024-04-11 00:00:00+00,2024-04-11 00:00:00+00
e5b8e4ca-0dcb-4294-bcaa-1561eb0b0a8f,Victoria Brooks,user0233@example.com,True,,45,Male,Colombo,0719742790,regular_shoppers,user,False,,,2023-04-04 00:00:00+00,2023-04-04 00:00:00+00
1489e4e9-c637-42eb-b617-80bab4338ab6,Crystal Amarasinghe,user0234@example.com,True,,36,Male,Gampaha,0781600831,occasional_shoppers,user,False,,,2023-03-05 00:00:00+00,2023-03-05 00:00:00+00
c0c888e0-671c-4ac5-a2df-e3a8a19cebf0,Tricia Davis,user0235@example.com,True,,68,Female,Negombo,0711496555,occasional_shoppers,user,False,,,2025-02-03 00:00:00+00,2025-02-03 00:00:00+00
ce56fb12-6d68-4f00-8355-6b08ccd1d143,Priya Herath,user0236@example.com,True,,25,,Nuwara Eliya,0756150987,rare_shoppers,user,False,,,2024-09-16 00:00:00+00,2024-09-16 00:00:00+00
3e9a2cf4-021b-4007-be92-71d91212c58b,Rebecca Garcia,user0237@example.com,True,,72,Male,Batticaloa,0783665549,frequent_shoppers,user,False,,,2023-04-22 00:00:00+00,2023-04-22 00:00:00+00
8ed23837-eecd-4764-bbbc-cd119bc2d657,Michael Gunasekara,user0238@example.com,True,,36,Male,Moratuwa,0793150000,regular_shoppers,user,False,,,2024-04-25 00:00:00+00,2024-04-25 00:00:00+00
447fa3b0-0377-465f-bbbd-2e4683e431e3,Gabrielle Wijesinghe,user0239@example.com,True,,49,Female,Negombo,0732634412,regular_shoppers,user,False,,,2024-10-09 00:00:00+00,2024-10-09 00:00:00+00
02c0abd7-4ed2-4888-a02c-e42481cb9ba2,Allison Rocha,user0240@example.com,True,,32,Female,Badulla,0758149482,occasional_shoppers,user,False,,,2025-09-09 00:00:00+00,2025-09-09 00:00:00+00
c68cf806-6816-41f5-afef-27f47d2c179e,Kim Peterson,user0241@example.com,True,,29,Male,Negombo,0712500515,frequent_shoppers,user,False,,,2023-06-06 00:00:00+00,2023-06-06 00:00:00+00
2b302e80-59f8-43bd-8858-b21e5048455c,Cynthia Gunasekara,user0242@example.com,True,,,Male,Kandy,0729949181,regular_shoppers,user,False,,,2025-08-24 00:00:00+00,2025-08-24 00:00:00+00
a2b14ce8-1dbf-4be8-a5c0-12c96e7ab603,Timothy Hicks,user0243@example.com,False,,67,Female,Kilinochchi,0742062038,regular_shoppers,user,False,,,2025-10-25 00:00:00+00,2025-10-25 00:00:00+00
56bbc5f3-7c60-4375-8368-864105ed6ace,Nethmi Rajapaksa,user0244@example.com,False,,50,Male,Negombo,0775450221,regular_shoppers,user,False,,,2025-01-04 00:00:00+00,2025-01-04 00:00:00+00
0441df82-864b-4122-9f05-f22841243348,Tricia Santos,user0245@example.com,False,,32,,Badulla,0797043518,rare_shoppers,user,False,,,2023-04-06 00:00:00+00,2023-04-06 00:00:00+00
da01e5c8-033f-49f0-97e3-797d42c86873,Lisa Shaffer,user0246@example.com,True,,51,Male,Vavuniya,0797689346,regular_shoppers,user,False,,,2025-02-14 00:00:00+00,2025-02-14 00:00:00+00
4318e06e-73df-449f-9c8c-c1df966309a7,Gabrielle Perera,user0247@example.com,True,,32,Male,Moratuwa,0728652010,occasional_shoppers,user,False,,,2023-01-14 00:00:00+00,2023-01-14 00:00:00+00
c2845a78-fa62-4d7d-ac93-2218e2a42f7f,Carmen Herrera,user0248@example.com,True,,50,Male,Badulla,0754322017,occasional_shoppers,user,False,,,2024-04-16 00:00:00+00,2024-04-16 00:00:00+00
e9573024-4901-4571-96f6-5ca1aa170fbe,Isuru Shaffer,user0249@example.com,True,,48,Female,Kalutara,0789503557,,user,False,,,2023-03-30 00:00:00+00,2023-03-30 00:00:00+00
20f4501c-e489-4da9-83bb-41ba30623355,Jennifer Davis,user0250@example.com,True,,20,Male,Kurunegala,0798817918,regular_shoppers,user,False,,,2023-02-08 00:00:00+00,2023-02-08 00:00:00+00
24ab5dd2-32a9-40ee-80de-dcf057b7cd37,David Santos,user0251@example.com,True,,56,Female,Kalutara,0778559074,occasional_shoppers,user,False,,,2024-01-08 00:00:00+00,2024-01-08 00:00:00+00
4d67796b-c381-4867-ae3b-7e0c217ec2bd,Mark Herrera,user0252@example.com,True,,39,Female,Nuwara Eliya,0777693989,frequent_shoppers,user,False,,,2024-02-19 00:00:00+00,2024-02-19 00:00:00+00
85817188-a06e-4f8e-b4d0-be4d729f8d29,Sunil Garcia,user0253@example.com,False,,56,Male,Kandy,0798502178,regular_shoppers,user,False,,,2023-08-29 00:00:00+00,2023-08-29 00:00:00+00
f6ee1ef7-de04-4145-9bd6-37dfa5aa5c68,Joel Wijesinghe,user0254@example.com,True,,70,,Kalutara,0767573535,regular_shoppers,user,False,,,2023-03-30 00:00:00+00,2023-03-30 00:00:00+00
45af9f43-583d-423f-969b-296660a9d1c4,Tricia Dissanayake,user0255@example.com,True,,67,Female,Jaffna,0721249805,regular_shoppers,user,False,,,2024-04-21 00:00:00+00,2024-04-21 00:00:00+00
4671cb92-52da-44f7-be1e-9a7af5d76ff8,David Jayasinghe,user0256@example.com,True,,44,Male,Colombo,0737570830,frequent_shoppers,user,False,,,2023-01-15 00:00:00+00,2023-01-15 00:00:00+00
df926239-f9d4-4f05-870f-5768a735dfd8,Kumari Dissanayake,user0257@example.com,True,,41,Male,Batticaloa,0763345392,regular_shoppers,user,False,,,2025-01-18 00:00:00+00,2025-01-18 00:00:00+00
554e6f83-aff5-46ba-99f7-826b5994c39d,Buddhika Ray,user0258@example.com,True,,68,Male,Moratuwa,0763436070,regular_shoppers,user,False,,,2024-12-06 00:00:00+00,2024-12-06 00:00:00+00
f59d327d-abc8-44d7-97cd-d75e8b62dd7c,Thilini Davis,user0259@example.com,True,,60,Male,Kurunegala,0792413089,regular_shoppers,user,False,,,2024-11-24 00:00:00+00,2024-11-24 00:00:00+00
f13ac135-d296-4583-ad7c-56a7204e4c7e,Kumari Rajapaksa,user0260@example.com,False,,28,Female,Negombo,0739765498,regular_shoppers,user,False,,,2023-06-30 00:00:00+00,2023-06-30 00:00:00+00
09ea8a4b-8ee7-467c-9179-b5311ff53885,Timothy Santos,user0261@example.com,True,,64,Other,Kilinochchi,0733524492,rare_shoppers,user,False,,,2023-04-28 00:00:00+00,2023-04-28 00:00:00+00
28c7a372-5015-4d33-b806-49831f9c7b9e,Tharaka Peterson,user0262@example.com,True,,30,Female,Anuradhapura,0741094351,,user,False,,,2025-11-11 00:00:00+00,2025-11-11 00:00:00+00
0b5db337-0c96-4896-97fa-9276e14f7ffa,Nethmi Herrera,user0263@example.com,True,,41,Male,Batticaloa,0736885204,regular_shoppers,user,False,,,2025-03-20 00:00:00+00,2025-03-20 00:00:00+00
e8404918-366b-4fe7-b956-da6a84a5579b,Sarah Hill,user0264@example.com,True,,22,Female,Vavuniya,0736108729,regular_shoppers,user,False,,,2024-07-20 00:00:00+00,2024-07-20 00:00:00+00
475de71a-b677-408a-800e-1584e8359a1b,Michael Amarasinghe,user0265@example.com,True,,18,Male,Galle,0744587020,regular_shoppers,user,False,,,2023-08-28 00:00:00+00,2023-08-28 00:00:00+00
fdc54777-152b-43d2-8e9d-0519ad9c76c4,Anil Bandara,user0266@example.com,True,,34,Other,Trincomalee,0788762521,rare_shoppers,user,False,,,2025-07-28 00:00:00+00,2025-07-28 00:00:00+00
591523d8-2ccc-4d2a-8e61-0f1bd5524775,Angie Peterson,user0267@example.com,True,,22,Female,Trincomalee,0711305024,regular_shoppers,user,False,,,2024-12-24 00:00:00+00,2024-12-24 00:00:00+00
dfd55a57-0c8e-4356-b0ce-c5e11fcde0cf,Kumari Bandara,user0268@example.com,True,,36,Female,Galle,0787002404,frequent_shoppers,user,False,,,2024-10-04 00:00:00+00,2024-10-04 00:00:00+00
2c83d0e2-136a-4aff-aefb-9f6b514f4890,Linda Herrera,user0269@example.com,True,,61,Male,Trincomalee,0743513553,occasional_shoppers,user,False,,,2024-02-28 00:00:00+00,2024-02-28 00:00:00+00
7b903535-eed8-4d75-b610-8ef95c18158f,Nethmi Burgess,user0270@example.com,True,,24,Male,Moratuwa,0759821155,occasional_shoppers,user,False,,,2023-03-28 00:00:00+00,2023-03-28 00:00:00+00
6acd4cc1-b15c-4133-9d1e-416c1a0bb73d,Nethmi Rocha,user0271@example.com,False,,74,Female,Kilinochchi,0766797703,regular_shoppers,user,False,,,2023-09-20 00:00:00+00,2023-09-20 00:00:00+00
dcb5cb7a-0b54-4a25-b13b-6c9c7324bc55,Lauren Silva,user0272@example.com,True,,,Female,Gampaha,0711129926,occasional_shoppers,user,False,,,2025-07-31 00:00:00+00,2025-07-31 00:00:00+00
39fc15a2-a5c0-478a-8b7d-4fe5fad76232,Allison Rajapaksa,user0273@example.com,True,,55,Male,Kurunegala,0756049627,regular_shoppers,user,False,,,2025-08-23 00:00:00+00,2025-08-23 00:00:00+00
bb376d59-1f22-43d2-a870-6ee941cb7777,Timothy Herrera,user0274@example.com,True,,31,Female,Nuwara Eliya,0740677709,frequent_shoppers,user,False,,,2023-09-26 00:00:00+00,2023-09-26 00:00:00+00
87ec9571-6b41-4ef3-b50a-e70775acc895,Shannon De Silva,user0275@example.com,True,,33,Female,Negombo,0794644676,frequent_shoppers,user,False,,,2025-05-13 00:00:00+00,2025-05-13 00:00:00+00
a473790b-fcb1-4461-9f87-6b0d5cc62416,Sarah Silva,user0276@example.com,True,,68,Male,Kandy,0744130183,occasional_shoppers,user,False,,,2023-05-03 00:00:00+00,2023-05-03 00:00:00+00
0b9e427c-c2f1-45ba-943d-250965eb5694,Lauren Bandara,user0277@example.com,True,,46,Male,Vavuniya,0757122567,regular_shoppers,user,False,,,2023-02-10 00:00:00+00,2023-02-10 00:00:00+00
fbb3d6cd-6004-4e88-8885-3da70a956c86,Sunil Jayasinghe,user0278@example.com,True,,54,Female,Matara,0769985944,occasional_shoppers,user,False,,,2025-09-25 00:00:00+00,2025-09-25 00:00:00+00
62a84c78-466d-4a03-a66a-c4f4d0919998,Monica Hicks,user0279@example.com,True,,47,Male,Ratnapura,0719575640,regular_shoppers,user,False,,,2025-04-08 00:00:00+00,2025-04-08 00:00:00+00
63ab3939-e2e1-4442-a39e-f517dff8a61a,Monica Herrera,user0280@example.com,True,,38,Male,Nuwara Eliya,0779918804,regular_shoppers,user,False,,,2025-01-13 00:00:00+00,2025-01-13 00:00:00+00
dfd48737-79e0-4adc-9e52-352cb5b8e3c5,Carmen Garcia,user0281@example.com,True,,72,,Batticaloa,0763290556,occasional_shoppers,user,False,,,2023-06-13 00:00:00+00,2023-06-13 00:00:00+00
da1049b3-4a91-4f97-9204-8aec97e4c7b1,Shannon Shaffer,user0282@example.com,True,,74,Male,Kilinochchi,0721316066,frequent_shoppers,user,False,,,2024-06-21 00:00:00+00,2024-06-21 00:00:00+00
35523bf8-fd7a-4f76-82e2-9a3e336dc260,Chamara Amarasinghe,user0283@example.com,False,,37,Female,Negombo,0757894420,occasional_shoppers,user,False,,,2023-02-28 00:00:00+00,2023-02-28 00:00:00+00
ea7c9cd9-cc33-44e1-94b7-255f6a777a62,Lisa Herath,user0284@example.com,True,,73,Male,Vavuniya,0795836028,regular_shoppers,user,False,,,2025-06-09 00:00:00+00,2025-06-09 00:00:00+00
2d33875d-5484-42b6-8b01-cfda139c2cc1,Anil Stewart,user0285@example.com,False,,48,Female,Badulla,0728293937,frequent_shoppers,user,False,,,2023-01-22 00:00:00+00,2023-01-22 00:00:00+00
eaa99a52-f352-4030-bfdb-410cf510506e,Crystal Stewart,user0286@example.com,True,,18,Female,Matara,0790128487,,user,False,,,2025-05-31 00:00:00+00,2025-05-31 00:00:00+00
4534261e-902c-4006-bb71-e89214aaa72e,Tricia Dissanayake,user0287@example.com,True,,,Male,Nuwara Eliya,0739607414,occasional_shoppers,user,False,,,2025-03-09 00:00:00+00,2025-03-09 00:00:00+00
161fc5e8-30eb-4781-b8be-3d06c0b27e13,Mark Santos,user0288@example.com,True,,33,Female,Batticaloa,0719189076,occasional_shoppers,user,False,,,2024-07-04 00:00:00+00,2024-07-04 00:00:00+00
16130b06-19b4-4e82-866d-53462f841ebe,Kimberly Davis,user0289@example.com,True,,58,Male,Moratuwa,0712970357,frequent_shoppers,user,False,,,2023-04-12 00:00:00+00,2023-04-12 00:00:00+00
3c096e66-76d8-4753-99a8-0a18eeac6f61,Kimberly Shaffer,user0290@example.com,True,,26,Female,Negombo,0751819114,,user,False,,,2024-03-20 00:00:00+00,2024-03-20 00:00:00+00
a82ecd29-7445-4fa6-a967-e0b202ce0166,Kevin Burgess,user0291@example.com,True,,68,,Negombo,0734374441,occasional_shoppers,user,False,,,2023-05-27 00:00:00+00,2023-05-27 00:00:00+00
a1b52746-5894-476d-a7d1-6d87068f0d03,Zachary Wijesinghe,user0292@example.com,True,,70,Male,Trincomalee,0714497675,rare_shoppers,user,False,,,2024-05-21 00:00:00+00,2024-05-21 00:00:00+00
26874e45-27c0-4a72-bf34-0fe655f0df61,Zachary Brooks,user0293@example.com,True,,24,Other,Matara,0783763371,frequent_shoppers,user,False,,,2023-03-28 00:00:00+00,2023-03-28 00:00:00+00
5d156109-a2fb-42a2-af44-24788406bd9d,Sarah Shaffer,user0294@example.com,True,,58,Male,Anuradhapura,0732462726,regular_shoppers,user,False,,,2025-06-08 00:00:00+00,2025-06-08 00:00:00+00
1360a5ef-93cb-4c1d-93fa-55ec3b06730e,Linda Fernando,user0295@example.com,True,,68,Other,Moratuwa,0777098020,frequent_shoppers,user,False,,,2023-07-03 00:00:00+00,2023-07-03 00:00:00+00
d814f618-fa7b-485e-a481-4857f8d02918,Monica Rajapaksa,user0296@example.com,True,,66,Male,Vavuniya,0784940527,frequent_shoppers,user,False,,,2024-04-21 00:00:00+00,2024-04-21 00:00:00+00
7638dbde-a035-4ede-afc1-7b0223523103,Chamara Seneviratne,user0297@example.com,True,,75,Male,Badulla,0768720256,regular_shoppers,user,False,,,2023-03-22 00:00:00+00,2023-03-22 00:00:00+00
b9e689bd-c3ee-49ed-8226-7105302cb4eb,Priya Stewart,user0298@example.com,False,,49,Male,Gampaha,0730807167,occasional_shoppers,user,False,,,2023-11-25 00:00:00+00,2023-11-25 00:00:00+00
1787eecb-8534-4d08-b092-66e07080237f,Carmen Stewart,user0299@example.com,True,,52,Male,Nuwara Eliya,0742049389,occasional_shoppers,user,False,,,2025-01-15 00:00:00+00,2025-01-15 00:00:00+00
8217808a-a7ad-4646-8ac7-c9706d329545,Lisa De Silva,user0300@example.com,True,,52,Male,Vavuniya,0724826245,regular_shoppers,user,False,,,2025-04-19 00:00:00+00,2025-04-19 00:00:00+00
e5a93da1-ae2c-4a4d-b9b6-fd1b1f0789a6,Shannon Perera,user0301@example.com,True,,20,Male,Anuradhapura,0762156850,frequent_shoppers,user,False,,,2023-03-07 00:00:00+00,2023-03-07 00:00:00+00
5d17cc50-1b42-419d-8f0d-5cd33759f3d1,Nimal Peterson,user0302@example.com,True,,62,Male,Galle,0720731620,,user,False,,,2024-03-03 00:00:00+00,2024-03-03 00:00:00+00
c2d056ef-0973-4070-bcc6-681d8d053f86,Michael Dissanayake,user0303@example.com,True,,41,Female,Badulla,0719447334,frequent_shoppers,user,False,,,2024-06-28 00:00:00+00,2024-06-28 00:00:00+00
a9457f66-5519-4e92-888e-5b2a5c6c5fbe,Kim Santos,user0304@example.com,True,,51,Female,Anuradhapura,0784912498,occasional_shoppers,user,False,,,2024-01-02 00:00:00+00,2024-01-02 00:00:00+00
7e390ee8-c69e-408b-acc5-7077c7a1603f,Angela De Silva,user0305@example.com,True,,58,Female,Kalutara,0777738718,frequent_shoppers,user,False,,,2024-01-05 00:00:00+00,2024-01-05 00:00:00+00
bc8b284b-0987-4ce1-903b-510ccebd4bc1,Jessica Rajapaksa,user0306@example.com,True,,56,Male,Ratnapura,0753412847,regular_shoppers,user,False,,,2025-05-31 00:00:00+00,2025-05-31 00:00:00+00
d7dff09e-78c0-4ea9-af09-f808e6c67409,Sachini Adams,user0307@example.com,False,,31,Female,Badulla,0714652375,regular_shoppers,user,False,,,2025-03-24 00:00:00+00,2025-03-24 00:00:00+00
39e2e66e-6522-450d-ab61-9762bdc512c1,David Jayasinghe,user0308@example.com,False,,,Female,,0747038339,regular_shoppers,user,False,,,2024-10-06 00:00:00+00,2024-10-06 00:00:00+00
e5d45288-e2fa-467a-8fee-6aafaae72f38,Priya Perera,user0309@example.com,True,,54,Male,Negombo,0750305910,occasional_shoppers,user,False,,,2024-05-26 00:00:00+00,2024-05-26 00:00:00+00
5edd7af7-bc9b-460a-bc0b-0b83dfbe924e,Monica Fernando,user0310@example.com,True,,31,Female,Kurunegala,0750318100,occasional_shoppers,user,False,,,2023-07-15 00:00:00+00,2023-07-15 00:00:00+00
22740cbc-f3ee-481e-b7bf-23198f298cb5,Cristian De Silva,user0311@example.com,True,,42,Male,Badulla,0740429530,regular_shoppers,user,False,,,2023-09-04 00:00:00+00,2023-09-04 00:00:00+00
78214bca-5820-446d-855f-844180115d32,Thilini Gunasekara,user0312@example.com,True,,18,Female,Kilinochchi,0739634895,,user,False,,,2023-11-03 00:00:00+00,2023-11-03 00:00:00+00
e62aace4-ad95-40f9-9530-333463fa1e92,Andrew Henderson,user0313@example.com,True,,43,Female,Galle,0755119729,regular_shoppers,user,False,,,2025-03-18 00:00:00+00,2025-03-18 00:00:00+00
bd7c2740-ef69-4dd8-9423-074616fca29a,Monica Peterson,user0314@example.com,True,,21,Male,Kalutara,0736589676,frequent_shoppers,user,False,,,2023-10-04 00:00:00+00,2023-10-04 00:00:00+00
a66e2c89-4a18-4b83-bf59-7423e6ca5d19,Kevin Hicks,user0315@example.com,True,,30,Other,Trincomalee,0787311859,occasional_shoppers,user,False,,,2024-10-24 00:00:00+00,2024-10-24 00:00:00+00
1d319dde-4b8a-4e35-a98b-6bf87c932843,Monica Shaffer,user0316@example.com,True,,45,Male,Colombo,0769352435,frequent_shoppers,user,False,,,2024-12-17 00:00:00+00,2024-12-17 00:00:00+00
d1fcb349-fedc-4727-8e42-6111bb974854,Nethmi Davis,user0317@example.com,True,,70,Female,Galle,0748612439,frequent_shoppers,user,False,,,2023-10-30 00:00:00+00,2023-10-30 00:00:00+00
545ad8cd-b961-45e7-8b1d-75490079f080,Allison Rocha,user0318@example.com,True,,25,Male,Vavuniya,0793623280,regular_shoppers,user,False,,,2024-06-13 00:00:00+00,2024-06-13 00:00:00+00
7586be99-83bc-4021-80c9-fe868ece20cb,Isuru Davis,user0319@example.com,False,,60,,Kilinochchi,0736936968,,user,False,,,2023-12-15 00:00:00+00,2023-12-15 00:00:00+00
0d022a20-afba-43d1-9261-4edaa4fe9ec6,Kumari Jayasinghe,user0320@example.com,True,,47,Male,Batticaloa,0712560649,rare_shoppers,user,False,,,2025-01-07 00:00:00+00,2025-01-07 00:00:00+00
ae7d32d7-a289-4c7e-bdcf-bd2d8bd2b995,David Herath,user0321@example.com,False,,42,Male,Jaffna,0736692577,regular_shoppers,user,False,,,2025-12-24 00:00:00+00,2025-12-24 00:00:00+00
93e0e38e-0927-450f-985c-cf6ff35d5548,Cynthia Brooks,user0322@example.com,False,,63,,Kilinochchi,0757232974,regular_shoppers,user,False,,,2023-11-18 00:00:00+00,2023-11-18 00:00:00+00
f66ae2df-f044-4eaf-bfba-fd6cdc729077,Crystal Gunasekara,user0323@example.com,True,,50,Male,Nuwara Eliya,0747606981,occasional_shoppers,user,False,,,2023-03-02 00:00:00+00,2023-03-02 00:00:00+00
4c9233c9-4dcd-42ba-89c7-2829486ab59b,Tricia Davis,user0324@example.com,True,,43,Male,Trincomalee,0791251236,regular_shoppers,user,False,,,2025-05-23 00:00:00+00,2025-05-23 00:00:00+00
fbc81ada-d898-482b-8a7d-adbf985faf28,Jessica Brooks,user0325@example.com,True,,31,Female,Anuradhapura,0767722252,regular_shoppers,user,False,,,2025-12-08 00:00:00+00,2025-12-08 00:00:00+00
7f78bd41-1cc9-4067-8897-af68d103cf8b,Andrew Gunasekara,user0326@example.com,True,,28,Female,Jaffna,0752773504,occasional_shoppers,user,False,,,2023-10-26 00:00:00+00,2023-10-26 00:00:00+00
14f037e6-7719-4e4b-a85a-3593e9f98f99,Angela Garcia,user0327@example.com,True,,65,Female,Batticaloa,0792138779,frequent_shoppers,user,False,,,2023-09-27 00:00:00+00,2023-09-27 00:00:00+00
4348bcc1-93d0-40de-968b-07d7f7f35d9c,Nethmi Nelson,user0328@example.com,True,,57,Male,Badulla,0791163038,occasional_shoppers,user,False,,,2023-10-02 00:00:00+00,2023-10-02 00:00:00+00
b4428d5a-7457-4e0b-860e-93e07407d1d2,Lauren Wickramasinghe,user0329@example.com,True,,29,Female,Anuradhapura,0765437830,regular_shoppers,user,False,,,2023-01-31 00:00:00+00,2023-01-31 00:00:00+00
0d80834a-24f1-498a-aa97-74a49c88922f,Tricia De Silva,user0330@example.com,True,,30,Male,Gampaha,0743122766,regular_shoppers,user,False,,,2024-10-27 00:00:00+00,2024-10-27 00:00:00+00
c35f4a33-7671-46e1-8827-b95c57d0e58c,Tammy Hicks,user0331@example.com,True,,56,Male,Vavuniya,0770614013,occasional_shoppers,user,False,,,2023-03-20 00:00:00+00,2023-03-20 00:00:00+00
10c8213f-4ac6-48b5-a72c-6c946a69fb13,Michael Bandara,user0332@example.com,True,,74,Female,Kandy,0768995922,regular_shoppers,user,False,,,2023-04-11 00:00:00+00,2023-04-11 00:00:00+00
d75b346c-2a80-481f-a08c-d0f1a59cb668,Connor Wijesinghe,user0333@example.com,True,,70,Male,Kandy,0770625891,rare_shoppers,user,False,,,2025-08-07 00:00:00+00,2025-08-07 00:00:00+00
1b6fbd58-0493-4f14-8eee-20ff3721eaeb,Monica De Silva,user0334@example.com,True,,29,Female,Negombo,0789230801,regular_shoppers,user,False,,,2023-02-21 00:00:00+00,2023-02-21 00:00:00+00
52f75a52-ce75-4828-ac59-e1c096b1442c,Roshan Wijesinghe,user0335@example.com,True,,47,Male,Kurunegala,0795103759,frequent_shoppers,user,False,,,2023-08-22 00:00:00+00,2023-08-22 00:00:00+00
0e5c211b-a7e2-468b-abaf-3ada1ac8c352,Timothy Santos,user0336@example.com,True,,42,Other,Kurunegala,0785898994,regular_shoppers,user,False,,,2023-12-16 00:00:00+00,2023-12-16 00:00:00+00
959078aa-1225-45ad-a3f2-f223e233f972,Nimal Herath,user0337@example.com,True,,73,Female,Matara,0734252610,occasional_shoppers,user,False,,,2025-07-02 00:00:00+00,2025-07-02 00:00:00+00
16515e07-f1cd-429f-a425-d27b82aa3ed8,Daniel Wijesinghe,user0338@example.com,True,,30,,Colombo,0776231992,occasional_shoppers,user,False,,,2023-01-12 00:00:00+00,2023-01-12 00:00:00+00
02b723dd-d81b-4a79-b92b-b9b3fe70faa9,Patricia Ray,user0339@example.com,False,,48,Male,Colombo,0729898606,regular_shoppers,user,False,,,2024-03-01 00:00:00+00,2024-03-01 00:00:00+00
b8c28bfc-7e2d-42c9-a1b4-44e4aad96cc0,Abigail Gunasekara,user0340@example.com,True,,27,Female,Matara,0733924094,frequent_shoppers,user,False,,,2023-08-12 00:00:00+00,2023-08-12 00:00:00+00
6f785208-bcee-4692-8828-cb7b736e279c,Jennifer Rajapaksa,user0341@example.com,True,,60,Female,Kurunegala,0722499198,occasional_shoppers,user,False,,,2025-01-07 00:00:00+00,2025-01-07 00:00:00+00
1ff8e705-46a7-44ae-8344-cb7cb1ea9a19,Kim Rocha,user0342@example.com,True,,42,Female,Galle,0765533646,frequent_shoppers,user,False,,,2024-07-16 00:00:00+00,2024-07-16 00:00:00+00
364bb9cc-c404-4c3a-8e3b-0c13fdae6e41,Sarah Ray,user0343@example.com,True,,57,Female,Kilinochchi,0752478375,regular_shoppers,user,False,,,2024-08-11 00:00:00+00,2024-08-11 00:00:00+00
84aca3a8-dd30-4b39-97bd-589e76122d1a,Mark Perera,user0344@example.com,True,,57,Male,Kilinochchi,0741235369,regular_shoppers,user,False,,,2024-01-04 00:00:00+00,2024-01-04 00:00:00+00
fe5be315-23f9-4553-941b-0bb5c4d5a7d3,Roshan Stewart,user0345@example.com,False,,18,Male,Anuradhapura,0756929234,rare_shoppers,user,False,,,2025-04-27 00:00:00+00,2025-04-27 00:00:00+00
18d1ce63-d428-4048-9212-2e88b8455758,Priya Dissanayake,user0346@example.com,True,,18,Female,Galle,0725278911,regular_shoppers,user,False,,,2024-10-25 00:00:00+00,2024-10-25 00:00:00+00
ce62a606-ba20-4f12-8388-cb2238d7fcc5,Sunil Rocha,user0347@example.com,True,,64,Other,Anuradhapura,0714772547,regular_shoppers,user,False,,,2025-09-08 00:00:00+00,2025-09-08 00:00:00+00
399785c6-0f13-417e-944f-46e8a5dda5a2,Chamara Davis,user0348@example.com,True,,58,Female,Gampaha,0750177237,regular_shoppers,user,False,,,2023-04-25 00:00:00+00,2023-04-25 00:00:00+00
05bfe5aa-e631-4bec-be9e-59a797571a6d,Kavinda De Silva,user0349@example.com,True,,53,Male,Badulla,0760363964,frequent_shoppers,user,False,,,2023-03-05 00:00:00+00,2023-03-05 00:00:00+00
4c786ef4-82fb-4d53-89d5-e3948d89cf82,Tharaka Silva,user0350@example.com,True,,54,Male,Matara,0721649801,regular_shoppers,user,False,,,2023-03-06 00:00:00+00,2023-03-06 00:00:00+00
79fcbc14-45c7-4517-9c26-abc15c44f0c7,Kevin Wijesinghe,user0351@example.com,True,,46,Male,Kurunegala,0769562350,occasional_shoppers,user,False,,,2024-02-18 00:00:00+00,2024-02-18 00:00:00+00
90d64073-d7e4-4027-9e3a-96feb2494d5c,Cynthia Hill,user0352@example.com,True,,75,Male,Kilinochchi,0779276026,regular_shoppers,user,False,,,2023-07-21 00:00:00+00,2023-07-21 00:00:00+00
f3298276-f136-49c3-bb26-8711679d2b07,Sunil Davis,user0353@example.com,True,,20,Female,Colombo,0716192775,frequent_shoppers,user,False,,,2023-06-28 00:00:00+00,2023-06-28 00:00:00+00
23796a46-2e57-42b5-8cf1-2429cce043eb,Shannon Perera,user0354@example.com,True,,65,Female,Anuradhapura,0769205536,frequent_shoppers,user,False,,,2024-07-20 00:00:00+00,2024-07-20 00:00:00+00
cd1c76e5-6ae7-4b1a-b684-50b4ea4f59ce,Nimal Shaffer,user0355@example.com,True,,28,Male,Kilinochchi,0748019546,regular_shoppers,user,False,,,2024-10-14 00:00:00+00,2024-10-14 00:00:00+00
848a8605-c809-4c02-8908-415bce250938,Kavinda Adams,user0356@example.com,True,,37,Male,Negombo,0717220897,,user,False,,,2023-04-14 00:00:00+00,2023-04-14 00:00:00+00
da233674-6fb2-40e6-be55-63ad16719464,Monica Garcia,user0357@example.com,True,,63,Female,Gampaha,0781603135,regular_shoppers,user,False,,,2024-02-10 00:00:00+00,2024-02-10 00:00:00+00
37433ff8-1f2a-463a-b6f0-86e913bb2206,Monica Amarasinghe,user0358@example.com,True,,47,Male,Gampaha,0740037183,regular_shoppers,user,False,,,2025-08-11 00:00:00+00,2025-08-11 00:00:00+00
885187b3-ba93-4193-8c4c-863ebe35f1b3,Andrew Herath,user0359@example.com,True,,34,Male,Ratnapura,0718773168,occasional_shoppers,user,False,,,2025-07-17 00:00:00+00,2025-07-17 00:00:00+00
39b726d1-22a8-425d-b89f-b2fb7965fa1f,Lauren Shaffer,user0360@example.com,True,,47,Male,Negombo,0797167893,regular_shoppers,user,False,,,2023-08-08 00:00:00+00,2023-08-08 00:00:00+00
79ceeda0-627f-4117-86d2-00db57149c83,Gabrielle Dissanayake,user0361@example.com,True,,47,Male,Vavuniya,0789318677,regular_shoppers,user,False,,,2023-05-16 00:00:00+00,2023-05-16 00:00:00+00
73e9ea36-1572-4a40-b48a-84391fcb58d5,Tammy Dissanayake,user0362@example.com,True,,54,Female,Galle,0790003898,occasional_shoppers,user,False,,,2025-09-23 00:00:00+00,2025-09-23 00:00:00+00
1f7d43e7-87c4-4703-80fe-8b0b61d42574,Michael Rocha,user0363@example.com,True,,70,Male,Jaffna,0796568973,regular_shoppers,user,False,,,2025-02-15 00:00:00+00,2025-02-15 00:00:00+00
50b29b30-6fd2-4863-ba5b-c5e65d1c3599,Nimal Henderson,user0364@example.com,True,,70,Female,Colombo,0762342586,occasional_shoppers,user,False,,,2025-07-16 00:00:00+00,2025-07-16 00:00:00+00
5ff0a239-06ef-4697-8855-e5f36f7e71d7,Nethmi Fernando,user0365@example.com,True,,31,Male,Matara,0788212291,rare_shoppers,user,False,,,2024-12-06 00:00:00+00,2024-12-06 00:00:00+00
f61be27b-3ecf-4639-a6e6-b8ea7bb4d7e0,Allison Jayasinghe,user0366@example.com,True,,43,Female,Vavuniya,0747877483,frequent_shoppers,user,False,,,2025-01-05 00:00:00+00,2025-01-05 00:00:00+00
0e2f8047-8a22-48c8-91d8-cd46df1c2deb,Angie Adams,user0367@example.com,True,,55,Male,Nuwara Eliya,0735263378,regular_shoppers,user,False,,,2023-12-22 00:00:00+00,2023-12-22 00:00:00+00
17208b0c-0890-4652-b99d-83dab0ed1907,Priya Hicks,user0368@example.com,True,,41,Male,Negombo,0775323947,frequent_shoppers,user,False,,,2023-02-02 00:00:00+00,2023-02-02 00:00:00+00
4468c52a-e00c-4484-b742-ef65fb241319,Nimal Garcia,user0369@example.com,True,,26,Female,Gampaha,0770987778,occasional_shoppers,user,False,,,2025-05-21 00:00:00+00,2025-05-21 00:00:00+00
bf0c3aee-e890-44cd-85af-f7e343ecb99b,Cynthia Garcia,user0370@example.com,True,,46,Male,Colombo,0746138183,occasional_shoppers,user,False,,,2024-04-29 00:00:00+00,2024-04-29 00:00:00+00
9fdaf395-fe7c-4879-8bcf-b49296b460ae,Angela Amarasinghe,user0371@example.com,True,,41,,,0720745888,regular_shoppers,user,False,,,2025-09-13 00:00:00+00,2025-09-13 00:00:00+00
5b3f3a70-e957-4e6e-b4a8-c7ddfe46595c,Andrew De Silva,user0372@example.com,True,,72,Female,Galle,0799085263,regular_shoppers,user,False,,,2024-05-17 00:00:00+00,2024-05-17 00:00:00+00
be41ab40-d87f-4960-9e0a-d8262ffe1a65,Nimal Santos,user0373@example.com,True,,52,Male,Ratnapura,0772979305,frequent_shoppers,user,False,,,2025-07-18 00:00:00+00,2025-07-18 00:00:00+00
2e2500b7-9223-41d7-9275-cda92248f458,Kavinda De Silva,user0374@example.com,True,,40,Female,Kandy,0785659375,regular_shoppers,user,False,,,2024-09-14 00:00:00+00,2024-09-14 00:00:00+00
031e9003-b8b9-4bfa-b1ae-011ba9c61948,Mark Henderson,user0375@example.com,False,,55,Male,Colombo,0747292234,frequent_shoppers,user,False,,,2025-11-01 00:00:00+00,2025-11-01 00:00:00+00
a91ca500-6aee-47c1-87a3-ec77d55317e2,Mark Davis,user0376@example.com,True,,35,Male,Kurunegala,0733541704,occasional_shoppers,user,False,,,2025-07-03 00:00:00+00,2025-07-03 00:00:00+00
8751366a-066a-4d9c-bc48-ac4d1f1593aa,Mark Dissanayake,user0377@example.com,True,,49,Female,,0765424925,rare_shoppers,user,False,,,2023-11-12 00:00:00+00,2023-11-12 00:00:00+00
46e616b8-5b4a-4a30-ac0d-79a93aacf5c5,Victoria Adams,user0378@example.com,False,,64,Male,Badulla,0772279029,regular_shoppers,user,False,,,2023-08-26 00:00:00+00,2023-08-26 00:00:00+00
02db2a47-be04-49b9-9609-57d34b8cfa67,Connor Peterson,user0379@example.com,False,,65,Female,Nuwara Eliya,0770239684,frequent_shoppers,user,False,,,2025-06-09 00:00:00+00,2025-06-09 00:00:00+00
d116b697-9798-4f2d-a5be-b2f400d84152,Victoria Rajapaksa,user0380@example.com,True,,51,Male,Badulla,0745847919,regular_shoppers,user,False,,,2024-07-12 00:00:00+00,2024-07-12 00:00:00+00
5e223164-7d0f-461a-a89f-a714a41fef20,Shannon Nelson,user0381@example.com,True,,43,Female,Anuradhapura,0711419753,occasional_shoppers,user,False,,,2024-01-04 00:00:00+00,2024-01-04 00:00:00+00
8ac17599-b264-40bd-944d-5a721d07c28a,Sunil Hill,user0382@example.com,False,,18,Female,Badulla,0793134088,regular_shoppers,user,False,,,2024-01-31 00:00:00+00,2024-01-31 00:00:00+00
44706a7b-7056-4637-8ca5-f6c52e1f82b0,Monica Henderson,user0383@example.com,True,,60,Male,Jaffna,0796960449,frequent_shoppers,user,False,,,2023-09-24 00:00:00+00,2023-09-24 00:00:00+00
2db9dadc-12de-4523-9872-758d503a7ad5,Kavinda Dissanayake,user0384@example.com,True,,75,Male,Galle,0799600963,rare_shoppers,user,False,,,2024-07-20 00:00:00+00,2024-07-20 00:00:00+00
f1b5b0cd-5575-4fcb-b3e1-d124123c5663,Lisa Nelson,user0385@example.com,True,,22,Male,Kandy,0775997780,occasional_shoppers,user,False,,,2023-12-31 00:00:00+00,2023-12-31 00:00:00+00
0951e498-f7f4-4c10-930f-d80262228b8a,Zachary Jayasinghe,user0386@example.com,True,,59,Male,Anuradhapura,0723862962,frequent_shoppers,user,False,,,2025-06-23 00:00:00+00,2025-06-23 00:00:00+00
5f94a8d1-67ae-4f20-9c0d-ce750f7467c5,Cristian Santos,user0387@example.com,True,,64,Male,Negombo,0745760499,frequent_shoppers,user,False,,,2023-03-19 00:00:00+00,2023-03-19 00:00:00+00
a41447c2-8cb1-4cc4-b187-89b1a862f95a,Andrew Wickramasinghe,user0388@example.com,True,,43,Female,Moratuwa,0710443906,regular_shoppers,user,False,,,2023-05-24 00:00:00+00,2023-05-24 00:00:00+00
b917265d-4be7-4b15-8319-d54b2a48e0f3,Victoria Wickramasinghe,user0389@example.com,True,,48,Female,Ratnapura,0755642455,regular_shoppers,user,False,,,2023-07-05 00:00:00+00,2023-07-05 00:00:00+00
7873fb9f-612b-4f39-bd61-e098ec6b46c1,Monica Bandara,user0390@example.com,True,,67,Male,Nuwara Eliya,0794639988,regular_shoppers,user,False,,,2025-03-09 00:00:00+00,2025-03-09 00:00:00+00
59828aac-e770-4ee3-bd55-f82fdf47418c,Kumari Burgess,user0391@example.com,True,,74,Female,Anuradhapura,0718454727,,user,False,,,2024-05-03 00:00:00+00,2024-05-03 00:00:00+00
5a0b92d0-fa82-4f57-8cd5-78a178a51006,Anil Gunasekara,user0392@example.com,True,,52,Female,Colombo,0715746469,,user,False,,,2023-04-25 00:00:00+00,2023-04-25 00:00:00+00
5d8f52e0-89f1-4900-abab-e71f26d0b168,Connor Shaffer,user0393@example.com,False,,59,Male,Vavuniya,0729003951,regular_shoppers,user,False,,,2023-05-28 00:00:00+00,2023-05-28 00:00:00+00
c9a07cb6-f95b-4d0a-b8b9-f593de9e7f86,Kevin Gunasekara,user0394@example.com,True,,,Female,Negombo,0723058343,,user,False,,,2023-04-13 00:00:00+00,2023-04-13 00:00:00+00
1106a156-829d-4e88-88f6-a4d54f05c60d,Michael Jayasinghe,user0395@example.com,True,,55,Female,Trincomalee,0763956682,regular_shoppers,user,False,,,2024-11-21 00:00:00+00,2024-11-21 00:00:00+00
10d13ea0-9236-4290-9868-d65709bef7c1,Lisa Shaffer,user0396@example.com,False,,54,Male,Anuradhapura,0746761344,regular_shoppers,user,False,,,2024-11-18 00:00:00+00,2024-11-18 00:00:00+00
6018f267-c7d9-46de-83b2-0cac0a249c59,Andrew Seneviratne,user0397@example.com,True,,62,Male,Kandy,0712097866,occasional_shoppers,user,False,,,2025-02-09 00:00:00+00,2025-02-09 00:00:00+00
ef4b0cf3-603a-4fc2-8fab-31a4e013861c,Kevin Santos,user0398@example.com,True,,,Male,Matara,0737670356,occasional_shoppers,user,False,,,2025-09-01 00:00:00+00,2025-09-01 00:00:00+00
ac0ded8a-23c1-46ad-8c2b-9b1cc12edbec,Andrew Gunasekara,user0399@example.com,True,,46,Female,Kandy,0750426348,occasional_shoppers,user,False,,,2023-06-30 00:00:00+00,2023-06-30 00:00:00+00
36b91658-ad74-4816-b4f9-72570bfd5fd9,Crystal Garcia,user0400@example.com,True,,,Male,Jaffna,0794082607,occasional_shoppers,user,False,,,2025-11-05 00:00:00+00,2025-11-05 00:00:00+00
462b3431-7caf-43b3-bc2a-e9c7ace08d66,Nimal Ray,user0401@example.com,False,,30,Male,Moratuwa,0758881166,frequent_shoppers,user,False,,,2023-03-30 00:00:00+00,2023-03-30 00:00:00+00
c30e6e44-3de0-4d04-a1d1-0dee216bb80a,David Ray,user0402@example.com,True,,39,Female,Jaffna,0713901068,rare_shoppers,user,False,,,2023-12-27 00:00:00+00,2023-12-27 00:00:00+00
e731e9a7-5dbe-456d-a884-4e2e1f9fc5e5,Kevin Perera,user0403@example.com,True,,75,Male,Kalutara,0724781783,occasional_shoppers,user,False,,,2024-10-29 00:00:00+00,2024-10-29 00:00:00+00
d48f8c29-28ae-40e4-8008-a92bf1024dee,Lisa Adams,user0404@example.com,True,,65,Male,Galle,0791796786,regular_shoppers,user,False,,,2025-06-11 00:00:00+00,2025-06-11 00:00:00+00
4aa7c34e-46c8-4422-b7ee-61fbb50c184d,Michael Herrera,user0405@example.com,True,,26,Male,Batticaloa,0724912833,frequent_shoppers,user,False,,,2023-05-03 00:00:00+00,2023-05-03 00:00:00+00
d909fd4c-3168-4e8a-8e02-45e8e72a019f,Michael Brooks,user0406@example.com,False,,66,Female,Kurunegala,0780030620,regular_shoppers,user,False,,,2024-04-15 00:00:00+00,2024-04-15 00:00:00+00
90aa1b40-9912-4ed4-8898-0375251cece7,Kevin Herath,user0407@example.com,True,,55,Male,,0787774748,occasional_shoppers,user,False,,,2024-05-22 00:00:00+00,2024-05-22 00:00:00+00
f9e1aa8a-ae7f-432a-b779-5d7b40bdb0f8,Tricia Wijesinghe,user0408@example.com,True,,27,Female,Kandy,0777674770,,user,False,,,2025-08-21 00:00:00+00,2025-08-21 00:00:00+00
88dc75e1-5c65-49f6-a3c2-1a13e09a602f,Cristian Garcia,user0409@example.com,True,,48,Female,Moratuwa,0764575354,regular_shoppers,user,False,,,2023-01-26 00:00:00+00,2023-01-26 00:00:00+00
dedabb45-da41-442b-bb8a-d03f191901fa,Rebecca Davis,user0410@example.com,True,,33,Male,Matara,0772244899,regular_shoppers,user,False,,,2023-02-19 00:00:00+00,2023-02-19 00:00:00+00
234587e9-6c36-497c-a757-233460472be2,Joel Herath,user0411@example.com,True,,29,Male,Colombo,0749807633,frequent_shoppers,user,False,,,2024-11-12 00:00:00+00,2024-11-12 00:00:00+00
a58f6718-910b-486d-88fe-b0175d1fccd2,Tammy Seneviratne,user0412@example.com,True,,57,Female,Galle,0758853980,regular_shoppers,user,False,,,2023-04-23 00:00:00+00,2023-04-23 00:00:00+00
d5ec9306-5db1-4d1b-8e57-b3d3b15ed05e,Abigail Shaffer,user0413@example.com,True,,47,Male,Vavuniya,0754953500,regular_shoppers,user,False,,,2024-02-24 00:00:00+00,2024-02-24 00:00:00+00
5019844c-33ad-49df-8274-1e1a3c00fd1c,Patricia Silva,user0414@example.com,True,,48,Female,Anuradhapura,0745884163,occasional_shoppers,user,False,,,2024-10-18 00:00:00+00,2024-10-18 00:00:00+00
b4a3ea8e-cb3f-4247-aa38-e01d59220ec6,Cynthia Rajapaksa,user0415@example.com,True,,21,Male,Kilinochchi,0781518649,regular_shoppers,user,False,,,2025-12-25 00:00:00+00,2025-12-25 00:00:00+00
006e2b9c-f64f-45b0-90ab-a6dba9d8562a,David Brooks,user0416@example.com,False,,69,Female,Galle,0733999716,occasional_shoppers,user,False,,,2023-06-28 00:00:00+00,2023-06-28 00:00:00+00
2a5a9c73-dfa7-4798-99c0-3ae0c823a7f1,David Santos,user0417@example.com,True,,35,Male,Anuradhapura,0782670169,regular_shoppers,user,False,,,2024-08-23 00:00:00+00,2024-08-23 00:00:00+00
ad77a775-cf39-4fbe-a6bc-f6cc45289750,Joel Peterson,user0418@example.com,True,,46,Male,Colombo,0765256328,regular_shoppers,user,False,,,2025-11-30 00:00:00+00,2025-11-30 00:00:00+00
085c1365-ced6-48a6-a7d6-5caaa1f2d27b,Dilshan Rocha,user0419@example.com,True,,68,Female,Vavuniya,0751137063,regular_shoppers,user,False,,,2023-09-28 00:00:00+00,2023-09-28 00:00:00+00
3964a170-a94e-43ed-8692-84bf457e83a2,Jennifer Dissanayake,user0420@example.com,True,,48,Male,Negombo,0731580852,regular_shoppers,user,False,,,2023-12-07 00:00:00+00,2023-12-07 00:00:00+00
29c3ee7a-40b4-4c4e-88a8-32cec66b12e4,Roshan Silva,user0421@example.com,True,,29,Female,Negombo,0769175071,frequent_shoppers,user,False,,,2024-10-10 00:00:00+00,2024-10-10 00:00:00+00
a00a8933-7b5a-4ab1-a313-1afd55416978,Mark Burgess,user0422@example.com,True,,53,Female,Negombo,0726306114,regular_shoppers,user,False,,,2023-11-29 00:00:00+00,2023-11-29 00:00:00+00
f93ad54b-199b-4ed0-bfe1-6334473f3b76,Angie Hicks,user0423@example.com,True,,67,Male,Colombo,0749668971,regular_shoppers,user,False,,,2025-11-05 00:00:00+00,2025-11-05 00:00:00+00
114b43a8-a1fa-4cac-a3ca-2bdb4969c141,Lauren Wijesinghe,user0424@example.com,True,,66,Female,Gampaha,0728713077,frequent_shoppers,user,False,,,2025-09-07 00:00:00+00,2025-09-07 00:00:00+00
748cfb9f-c236-451b-afb5-9dfdab2208a3,Sunil Silva,user0425@example.com,True,,19,Female,Galle,0739815643,regular_shoppers,user,False,,,2024-02-04 00:00:00+00,2024-02-04 00:00:00+00
d845bba0-cbcf-4dff-b04d-47d84baf4ae9,Linda Ray,user0426@example.com,True,,,Male,Galle,0791212170,regular_shoppers,user,False,,,2025-10-01 00:00:00+00,2025-10-01 00:00:00+00
ae511f46-7243-4579-ad04-c3b2b73a90b1,Cynthia Henderson,user0427@example.com,True,,41,Female,Nuwara Eliya,0769804203,regular_shoppers,user,False,,,2024-12-20 00:00:00+00,2024-12-20 00:00:00+00
7c1f1792-b046-4e18-a4e0-b6117246c7b4,Priya Santos,user0428@example.com,True,,74,Other,Matara,0765592149,occasional_shoppers,user,False,,,2025-05-18 00:00:00+00,2025-05-18 00:00:00+00
b6339060-7f8d-4d32-86c6-567557922517,Joel Bandara,user0429@example.com,False,,23,Male,Kilinochchi,0764956876,frequent_shoppers,user,False,,,2025-02-08 00:00:00+00,2025-02-08 00:00:00+00
f71c553c-6abb-40c4-9cb7-d285f65983d7,Tharaka Amarasinghe,user0430@example.com,True,,29,Female,Negombo,0715668405,occasional_shoppers,user,False,,,2024-08-15 00:00:00+00,2024-08-15 00:00:00+00
51e65e5a-64ac-4150-b006-1db9e6bff7f5,Kim Bandara,user0431@example.com,True,,49,Male,,0795973864,,user,False,,,2024-06-21 00:00:00+00,2024-06-21 00:00:00+00
86db8091-7478-46ed-8193-e283da049999,Tharaka Peterson,user0432@example.com,True,,60,Male,Trincomalee,0718955654,,user,False,,,2024-07-21 00:00:00+00,2024-07-21 00:00:00+00
40bb22a0-8ed4-4a1b-9e79-59740595427d,Sachini De Silva,user0433@example.com,True,,48,Female,Moratuwa,0787210585,occasional_shoppers,user,False,,,2025-02-03 00:00:00+00,2025-02-03 00:00:00+00
4cc9152b-3dc0-43c4-ba8c-784afc345500,Angie Herath,user0434@example.com,True,,55,Male,Negombo,0757779407,frequent_shoppers,user,False,,,2025-01-09 00:00:00+00,2025-01-09 00:00:00+00
9dda7445-8fef-4d94-8c01-c1fa624f4d7a,Abigail Stewart,user0435@example.com,True,,58,Female,Kurunegala,0752441045,regular_shoppers,user,False,,,2023-12-09 00:00:00+00,2023-12-09 00:00:00+00
f907cea0-9b13-4dd2-bbbc-4921091031ec,Sunil Dissanayake,user0436@example.com,True,,61,Male,Badulla,0775082045,frequent_shoppers,user,False,,,2025-11-27 00:00:00+00,2025-11-27 00:00:00+00
81c8305d-0277-4335-97f5-aaa72db60075,Angela Rocha,user0437@example.com,True,,28,Male,Anuradhapura,0783969111,regular_shoppers,user,False,,,2025-12-12 00:00:00+00,2025-12-12 00:00:00+00
3360e6f5-76f0-48cb-941f-108b5faa28d7,Kumari Seneviratne,user0438@example.com,True,,44,Male,Colombo,0769315901,regular_shoppers,user,False,,,2025-01-12 00:00:00+00,2025-01-12 00:00:00+00
b79efb0f-74b8-4166-9508-6c774509e9af,Sachini Perera,user0439@example.com,True,,39,Male,Jaffna,0751262331,occasional_shoppers,user,False,,,2023-10-19 00:00:00+00,2023-10-19 00:00:00+00
8d5d87ee-7692-49a6-8306-6f3fccfcc4c2,Joel Ray,user0440@example.com,True,,23,Female,Colombo,0714401363,occasional_shoppers,user,False,,,2023-03-29 00:00:00+00,2023-03-29 00:00:00+00
1adaa544-e025-4f4b-b4a5-ac628eddb94d,Nimal Perera,user0441@example.com,True,,48,Male,Colombo,0736846824,occasional_shoppers,user,False,,,2024-02-25 00:00:00+00,2024-02-25 00:00:00+00
9c1ff667-e52e-41be-bf6c-6a6ab0c28066,Kimberly Rajapaksa,user0442@example.com,True,,23,Female,Badulla,0719172042,occasional_shoppers,user,False,,,2024-05-10 00:00:00+00,2024-05-10 00:00:00+00
3a26d5bf-0044-416e-bcd8-c966fe484ddd,Shannon Bandara,user0443@example.com,True,,18,Female,Kurunegala,0777671943,regular_shoppers,user,False,,,2023-07-22 00:00:00+00,2023-07-22 00:00:00+00
475e791e-a068-4576-b3d2-de452b6e715e,Roshan Peterson,user0444@example.com,True,,55,Female,Badulla,0725145863,regular_shoppers,user,False,,,2025-11-19 00:00:00+00,2025-11-19 00:00:00+00
415f073d-6fd5-49d5-bf85-bcd209a9f4f0,Buddhika Rocha,user0445@example.com,True,,25,Female,Matara,0761644447,frequent_shoppers,user,False,,,2024-11-02 00:00:00+00,2024-11-02 00:00:00+00
39e73d98-e019-4eb7-9051-5efd10781be9,David Brooks,user0446@example.com,True,,37,Female,Kalutara,0773844258,occasional_shoppers,user,False,,,2024-01-22 00:00:00+00,2024-01-22 00:00:00+00
550acf3b-586f-4632-b482-c4d9049e7653,Sunil Burgess,user0447@example.com,True,,61,Male,Galle,0732645646,regular_shoppers,user,False,,,2023-07-28 00:00:00+00,2023-07-28 00:00:00+00
92cfdeec-87a0-463c-8fce-cbbe0207b5f9,Gabrielle Burgess,user0448@example.com,True,,39,Female,Trincomalee,0788103795,occasional_shoppers,user,False,,,2024-07-24 00:00:00+00,2024-07-24 00:00:00+00
10e87b7e-8906-4548-962a-274fae4fb489,Dilshan Nelson,user0449@example.com,True,,69,Male,Nuwara Eliya,0724500436,regular_shoppers,user,False,,,2023-10-29 00:00:00+00,2023-10-29 00:00:00+00
9f62f6b9-7d09-4622-9deb-229527a74d8b,Daniel Nelson,user0450@example.com,True,,32,Male,Kandy,0761356129,regular_shoppers,user,False,,,2023-02-24 00:00:00+00,2023-02-24 00:00:00+00
4027903c-d88c-4b6b-b232-de6cba7491a4,Sachini Rajapaksa,user0451@example.com,True,,37,Male,Kilinochchi,0776826878,occasional_shoppers,user,False,,,2024-02-18 00:00:00+00,2024-02-18 00:00:00+00
3af585a8-f339-4c30-9db3-8b0f7eb2cacb,Kevin Perera,user0452@example.com,True,,39,Female,,0752219420,rare_shoppers,user,False,,,2023-09-01 00:00:00+00,2023-09-01 00:00:00+00
ff331ced-7c9d-4983-b422-50d242fbe916,Victoria Brooks,user0453@example.com,True,,20,Female,Kurunegala,0724681002,frequent_shoppers,user,False,,,2025-03-07 00:00:00+00,2025-03-07 00:00:00+00
f3b425ee-98a0-489c-a4c2-7d3c9a679130,Kavinda Rajapaksa,user0454@example.com,True,,53,Female,Kurunegala,0760707149,regular_shoppers,user,False,,,2025-10-10 00:00:00+00,2025-10-10 00:00:00+00
51631f92-251b-479c-b8a6-b804edb26c2d,Nethmi Rajapaksa,user0455@example.com,True,,36,Male,,0793906615,regular_shoppers,user,False,,,2023-02-25 00:00:00+00,2023-02-25 00:00:00+00
d37abf3d-58ca-462e-9c11-56a658e92816,Jessica Hicks,user0456@example.com,True,,40,Male,Trincomalee,0718791292,regular_shoppers,user,False,,,2023-06-23 00:00:00+00,2023-06-23 00:00:00+00
8a40461d-9cc7-45a1-802e-3915413dd211,Kim Shaffer,user0457@example.com,False,,19,Male,Kalutara,0773042053,rare_shoppers,user,False,,,2024-06-30 00:00:00+00,2024-06-30 00:00:00+00
9cef626f-c8e2-4864-bb8c-822c7099f2f4,Dilshan Hill,user0458@example.com,True,,42,Male,Moratuwa,0799575241,occasional_shoppers,user,False,,,2024-11-19 00:00:00+00,2024-11-19 00:00:00+00
d2158ad1-05b9-4b85-9d3e-6bd692f7b1d3,Jessica Herrera,user0459@example.com,True,,41,Male,Galle,0749905650,regular_shoppers,user,False,,,2024-08-11 00:00:00+00,2024-08-11 00:00:00+00
753225fd-5178-486e-b563-dcd66d548093,Kavinda Hicks,user0460@example.com,True,,57,Male,Jaffna,0738150713,regular_shoppers,user,False,,,2025-12-23 00:00:00+00,2025-12-23 00:00:00+00
5ed30f5a-22ed-4f14-bb7c-ec6aed5752c4,Crystal Dissanayake,user0461@example.com,True,,70,Female,Vavuniya,0770831313,regular_shoppers,user,False,,,2024-05-29 00:00:00+00,2024-05-29 00:00:00+00
f5f2eab0-ea85-4ce0-aee4-26f45a1c28db,Nimal Seneviratne,user0462@example.com,True,,74,,Kurunegala,0795621026,regular_shoppers,user,False,,,2025-08-15 00:00:00+00,2025-08-15 00:00:00+00
f0404886-c17d-4e40-ae37-fa59a273f4c3,Anil Dissanayake,user0463@example.com,True,,67,Female,Kandy,0750302318,regular_shoppers,user,False,,,2023-10-30 00:00:00+00,2023-10-30 00:00:00+00
e1eaa94d-5726-4ead-9210-77849b3ce3a2,Tammy Garcia,user0464@example.com,True,,71,Female,Batticaloa,0741692809,regular_shoppers,user,False,,,2024-06-09 00:00:00+00,2024-06-09 00:00:00+00
c151bcac-0601-4cac-89ff-c37663f28b35,Connor Adams,user0465@example.com,True,,30,,Matara,0714966557,regular_shoppers,user,False,,,2025-06-12 00:00:00+00,2025-06-12 00:00:00+00
49f8c590-f882-4bde-8024-dd5d43129715,Zachary Herrera,user0466@example.com,True,,19,Female,Kurunegala,0717425900,frequent_shoppers,user,False,,,2025-09-22 00:00:00+00,2025-09-22 00:00:00+00
b1b5c442-33b1-4afa-81ad-e0c219e492b0,Monica Rocha,user0467@example.com,True,,73,Female,Galle,0786634749,occasional_shoppers,user,False,,,2023-10-15 00:00:00+00,2023-10-15 00:00:00+00
14dffb41-8e3b-4810-83e8-f0f231990357,Thilini Perera,user0468@example.com,True,,51,Female,Kilinochchi,0752065222,occasional_shoppers,user,False,,,2024-05-02 00:00:00+00,2024-05-02 00:00:00+00
1ff9b7f1-d52e-4b11-bf49-35eda4190e9d,Jessica Bandara,user0469@example.com,True,,42,Female,Anuradhapura,0744132362,frequent_shoppers,user,False,,,2024-07-16 00:00:00+00,2024-07-16 00:00:00+00
d5b94d05-e0d7-483f-8295-b52d6da5dd5e,Dilshan Henderson,user0470@example.com,True,,41,Male,Moratuwa,0759357131,rare_shoppers,user,False,,,2023-10-24 00:00:00+00,2023-10-24 00:00:00+00
9cc2ae80-f6fc-487d-a68c-b51b303cd7d5,Kim Hill,user0471@example.com,True,,75,Female,Kandy,0761632246,occasional_shoppers,user,False,,,2024-05-05 00:00:00+00,2024-05-05 00:00:00+00
cdfc943c-059d-44fd-85e9-c49b80f719fd,Kim Gunasekara,user0472@example.com,True,,41,Female,Trincomalee,0744297151,regular_shoppers,user,False,,,2025-03-15 00:00:00+00,2025-03-15 00:00:00+00
53c5a13b-b37a-4691-bbbf-7fe03561d0de,Kim Santos,user0473@example.com,True,,66,Male,Gampaha,0746780559,occasional_shoppers,user,False,,,2025-04-12 00:00:00+00,2025-04-12 00:00:00+00
27c066e2-00fb-4106-bb99-3c8328ef6e71,Monica Bandara,user0474@example.com,True,,49,Male,Kalutara,0777959068,occasional_shoppers,user,False,,,2023-11-25 00:00:00+00,2023-11-25 00:00:00+00
2ef18b58-b506-4b1e-9581-a7249de29463,Gabrielle Burgess,user0475@example.com,True,,64,Female,Colombo,0796046825,regular_shoppers,user,False,,,2024-01-12 00:00:00+00,2024-01-12 00:00:00+00
e1a4fa93-756f-4ff8-9192-8e8eae869b07,Joel Hill,user0476@example.com,True,,58,Female,Trincomalee,0765071708,rare_shoppers,user,False,,,2023-09-24 00:00:00+00,2023-09-24 00:00:00+00
981ace63-7d50-4cbf-87b5-198501f44463,Lisa Brooks,user0477@example.com,True,,65,Male,Ratnapura,0762813894,frequent_shoppers,user,False,,,2025-04-28 00:00:00+00,2025-04-28 00:00:00+00
0662f619-4696-4ce1-b15f-68c6fb864bb7,Victoria Bandara,user0478@example.com,True,,32,,,0772065617,regular_shoppers,user,False,,,2024-04-13 00:00:00+00,2024-04-13 00:00:00+00
5b4de157-b8d5-4492-bff9-932454bc29ac,Zachary Nelson,user0479@example.com,True,,28,,Batticaloa,0725750520,rare_shoppers,user,False,,,2023-12-15 00:00:00+00,2023-12-15 00:00:00+00
a91c5765-5177-4405-a9af-7db5b9f7dfd7,Allison Wickramasinghe,user0480@example.com,True,,67,Male,Jaffna,0776326127,regular_shoppers,user,False,,,2024-06-29 00:00:00+00,2024-06-29 00:00:00+00
94cb1c77-5c27-4d20-99e2-9aa247764337,Victoria Davis,user0481@example.com,False,,31,Other,Anuradhapura,0745138129,regular_shoppers,user,False,,,2023-10-26 00:00:00+00,2023-10-26 00:00:00+00
cbadb9b6-c396-4925-bcdf-f2ee4dd5ad3b,Patricia Jayasinghe,user0482@example.com,True,,33,Female,Colombo,0761471888,occasional_shoppers,user,False,,,2025-03-25 00:00:00+00,2025-03-25 00:00:00+00
fddd53cb-cf43-40d7-9365-131ba3dc6b7f,Roshan Garcia,user0483@example.com,False,,34,Female,Trincomalee,0777718480,regular_shoppers,user,False,,,2023-04-04 00:00:00+00,2023-04-04 00:00:00+00
df1ba56c-86db-4029-b79b-eae3f714f767,Nethmi Hicks,user0484@example.com,True,,43,Male,Kandy,0755523530,regular_shoppers,user,False,,,2025-10-28 00:00:00+00,2025-10-28 00:00:00+00
a291d0fb-f3ef-42e8-9005-08e6150216f8,Michael Davis,user0485@example.com,True,,63,Male,Kandy,0767725168,regular_shoppers,user,False,,,2024-07-29 00:00:00+00,2024-07-29 00:00:00+00
bf9172f1-962b-4dc1-9723-a9593b1a9dd0,David Wijesinghe,user0486@example.com,True,,57,Female,Kalutara,0730302410,regular_shoppers,user,False,,,2025-10-03 00:00:00+00,2025-10-03 00:00:00+00
7e4312b9-6480-435f-b497-44009e53e21f,Priya Herath,user0487@example.com,True,,58,Male,Trincomalee,0768576625,regular_shoppers,user,False,,,2023-12-01 00:00:00+00,2023-12-01 00:00:00+00
cd69cd83-71f8-481b-a114-825d06021005,Daniel Wijesinghe,user0488@example.com,True,,20,Other,Gampaha,0722559810,occasional_shoppers,user,False,,,2023-10-31 00:00:00+00,2023-10-31 00:00:00+00
f7001730-20c6-4b6f-ab1d-e61512f6fa88,Rebecca Herath,user0489@example.com,True,,71,Female,Anuradhapura,0734235540,rare_shoppers,user,False,,,2025-12-13 00:00:00+00,2025-12-13 00:00:00+00
6d8beeca-7b24-4962-af8b-ef77d0ab86b8,Angela Amarasinghe,user0490@example.com,True,,67,Male,Matara,0724236463,occasional_shoppers,user,False,,,2025-03-18 00:00:00+00,2025-03-18 00:00:00+00
314e6fd8-9484-4592-baaf-fc1ef1ef3961,Lisa Davis,user0491@example.com,True,,,Female,Batticaloa,0770814320,frequent_shoppers,user,False,,,2023-03-31 00:00:00+00,2023-03-31 00:00:00+00
87db0994-a464-46d6-8b6f-5947b3d06009,Lisa De Silva,user0492@example.com,True,,69,Male,,0783438064,regular_shoppers,user,False,,,2023-04-24 00:00:00+00,2023-04-24 00:00:00+00
435d2592-c264-4217-a853-d3065b03e610,Sachini Hicks,user0493@example.com,True,,34,Other,Galle,0764008708,,user,False,,,2024-03-02 00:00:00+00,2024-03-02 00:00:00+00
def8bb13-b13e-4932-b2f9-b0e37ff2fb9d,David Gunasekara,user0494@example.com,True,,59,Male,Matara,0759319220,regular_shoppers,user,False,,,2025-01-05 00:00:00+00,2025-01-05 00:00:00+00
67151cf3-ea15-4234-a113-9f71a3e0332f,Cynthia Ray,user0495@example.com,True,,74,Male,Galle,0767179047,occasional_shoppers,user,False,,,2024-01-17 00:00:00+00,2024-01-17 00:00:00+00
602d1fcc-2f25-4a32-b62e-473ebb47bf0b,Monica Henderson,user0496@example.com,True,,47,Female,Moratuwa,0768700864,regular_shoppers,user,False,,,2023-06-21 00:00:00+00,2023-06-21 00:00:00+00
edbc204a-aa6e-4ab0-9d80-9b12fdd25db6,Monica Amarasinghe,user0497@example.com,True,,37,Male,Trincomalee,0716052535,regular_shoppers,user,False,,,2023-04-08 00:00:00+00,2023-04-08 00:00:00+00
7aa0d0a1-d207-45b2-a85a-b509318bb80b,Cynthia Shaffer,user0498@example.com,False,,44,Female,Batticaloa,0798795539,regular_shoppers,user,False,,,2025-10-28 00:00:00+00,2025-10-28 00:00:00+00
fc557c9b-053f-4a79-92f0-e3f7265c39fe,Michael Herrera,user0499@example.com,True,,71,Male,Matara,0745577682,occasional_shoppers,user,False,,,2025-07-10 00:00:00+00,2025-07-10 00:00:00+00
3e4b190e-1967-4856-902e-659fd90007b1,Jessica Amarasinghe,user0500@example.com,False,,29,Male,Batticaloa,0763007123,frequent_shoppers,user,False,,,2025-12-30 00:00:00+00,2025-12-30 00:00:00+00
fcfab97d-33e0-4bf5-9f5c-4cc48f57f5d3,Daniel Hill,user0501@example.com,True,,48,Male,Moratuwa,0763015631,occasional_shoppers,user,False,,,2025-01-08 00:00:00+00,2025-01-08 00:00:00+00
ce7dcdb4-e6fd-4fd9-8ea1-5a51a405a51e,Kim Santos,user0502@example.com,True,,18,Female,Anuradhapura,0768490538,regular_shoppers,user,False,,,2023-10-25 00:00:00+00,2023-10-25 00:00:00+00
9a7cd3d9-f5a6-43c2-b1d7-d8997173f88d,Tharaka Herath,user0503@example.com,True,,30,Female,Kalutara,0769762583,,user,False,,,2023-12-07 00:00:00+00,2023-12-07 00:00:00+00
7ecdd9c8-3b37-48a0-9f03-cc135337781f,Kevin Peterson,user0504@example.com,True,,,Male,Nuwara Eliya,0776532158,frequent_shoppers,user,False,,,2025-06-03 00:00:00+00,2025-06-03 00:00:00+00
848ba2d4-8473-4d6d-820c-8fd0372b7366,Thilini Fernando,user0505@example.com,True,,53,Male,Kilinochchi,0718147644,regular_shoppers,user,False,,,2025-09-26 00:00:00+00,2025-09-26 00:00:00+00
3f80e390-aed8-442f-87a3-07f9d1fb2b7f,Sarah Hill,user0506@example.com,True,,38,Male,Moratuwa,0768549800,regular_shoppers,user,False,,,2024-12-11 00:00:00+00,2024-12-11 00:00:00+00
7bced548-b749-4949-a939-b36580fe0c42,Angie Herrera,user0507@example.com,True,,30,Male,Ratnapura,0749378681,occasional_shoppers,user,False,,,2025-08-17 00:00:00+00,2025-08-17 00:00:00+00
eaf172ba-b4c5-4053-8267-61896e838c11,Isuru Wickramasinghe,user0508@example.com,True,,44,Female,Moratuwa,0721568480,occasional_shoppers,user,False,,,2024-02-29 00:00:00+00,2024-02-29 00:00:00+00
73e84396-603b-4937-af64-7bdcbe37c8b7,Nimal Peterson,user0509@example.com,True,,30,Female,Moratuwa,0758155542,regular_shoppers,user,False,,,2023-04-07 00:00:00+00,2023-04-07 00:00:00+00
e5ad5f85-7141-4058-9036-55b549789987,Mark Burgess,user0510@example.com,True,,29,Female,,0740077607,regular_shoppers,user,False,,,2024-04-09 00:00:00+00,2024-04-09 00:00:00+00
3a908235-ad32-4e99-9b61-8a0ef509ac29,Kevin Nelson,user0511@example.com,True,,68,Male,Batticaloa,0723977705,occasional_shoppers,user,False,,,2025-11-21 00:00:00+00,2025-11-21 00:00:00+00
bdc303ce-8ba7-46d7-9db9-385e0913cca0,Roshan Henderson,user0512@example.com,True,,46,Other,Jaffna,0715633042,regular_shoppers,user,False,,,2023-07-28 00:00:00+00,2023-07-28 00:00:00+00
489e1437-7a48-4c46-b3d8-ed88b55977f7,Cynthia Shaffer,user0513@example.com,True,,25,Female,Matara,0723327047,occasional_shoppers,user,False,,,2025-10-17 00:00:00+00,2025-10-17 00:00:00+00
bcfb0125-05b9-45a4-8830-e2687636d7a0,Andrew Gunasekara,user0514@example.com,True,,70,Female,Kalutara,0777783003,frequent_shoppers,user,False,,,2025-08-28 00:00:00+00,2025-08-28 00:00:00+00
a24f4149-cbd7-46cb-870e-2c72d0f15bcc,Jennifer Santos,user0515@example.com,True,,63,Male,Negombo,0767555628,regular_shoppers,user,False,,,2024-04-12 00:00:00+00,2024-04-12 00:00:00+00
4e643723-c8ba-4efb-9c09-212cee1b6c0c,Angela Amarasinghe,user0516@example.com,True,,47,Female,Colombo,0721378739,occasional_shoppers,user,False,,,2025-11-25 00:00:00+00,2025-11-25 00:00:00+00
e0d0ae3c-d471-4ff0-8121-3f3b7b4d8f61,Jessica Rocha,user0517@example.com,True,,67,Male,Negombo,0766278204,frequent_shoppers,user,False,,,2025-11-30 00:00:00+00,2025-11-30 00:00:00+00
13d53ec6-fdc3-49ab-af42-e7efaad908bf,Connor Wijesinghe,user0518@example.com,True,,53,Female,Badulla,0791926643,,user,False,,,2024-07-26 00:00:00+00,2024-07-26 00:00:00+00
6e08f3a0-b1f7-486d-a540-6bc76f0e103e,Andrew Wickramasinghe,user0519@example.com,True,,59,Female,Gampaha,0750470861,occasional_shoppers,user,False,,,2025-04-08 00:00:00+00,2025-04-08 00:00:00+00
d15b045d-9035-4826-ad9d-9cff529aae84,Monica Henderson,user0520@example.com,True,,42,Female,Vavuniya,0795320264,frequent_shoppers,user,False,,,2024-10-01 00:00:00+00,2024-10-01 00:00:00+00
c06f14fd-8fb3-42b2-bf2f-89c531158083,Jennifer Hill,user0521@example.com,True,,,Female,Matara,0760060376,rare_shoppers,user,False,,,2023-08-15 00:00:00+00,2023-08-15 00:00:00+00
da1f6f55-9fbb-444f-a1ce-d9a09b835ad4,Mark Gunasekara,user0522@example.com,True,,25,,Jaffna,0741688446,regular_shoppers,user,False,,,2023-01-11 00:00:00+00,2023-01-11 00:00:00+00
55e4a042-04f3-43c3-9fc6-117b497c2ff7,Thilini Fernando,user0523@example.com,True,,75,Female,Trincomalee,0779748476,regular_shoppers,user,False,,,2023-10-14 00:00:00+00,2023-10-14 00:00:00+00
a2839dc1-09a1-4b5d-8a13-2e11db52fc07,Thilini Adams,user0524@example.com,False,,51,Female,Jaffna,0718347493,regular_shoppers,user,False,,,2025-04-23 00:00:00+00,2025-04-23 00:00:00+00
1e3a082f-4d1b-4419-8270-40e8a9521975,Tammy Wijesinghe,user0525@example.com,True,,31,Male,Vavuniya,0795424369,regular_shoppers,user,False,,,2024-06-24 00:00:00+00,2024-06-24 00:00:00+00
44a0aa5a-f70b-4f17-97b1-57dbd883a1b4,Tammy Brooks,user0526@example.com,True,,49,Male,Kilinochchi,0778878589,occasional_shoppers,user,False,,,2023-09-22 00:00:00+00,2023-09-22 00:00:00+00
b3b012e3-e421-4d61-93a6-35d1eff10ffe,Sarah Shaffer,user0527@example.com,True,,47,Female,Badulla,0759604988,frequent_shoppers,user,False,,,2025-04-16 00:00:00+00,2025-04-16 00:00:00+00
65c4c82c-d059-4dfa-afe2-be2eeaea3f76,Kavinda Stewart,user0528@example.com,True,,,Male,Matara,0789138026,frequent_shoppers,user,False,,,2023-10-20 00:00:00+00,2023-10-20 00:00:00+00
7ccb9aa4-c497-4b01-901c-d30cac4a7363,Angela Henderson,user0529@example.com,False,,37,Male,Moratuwa,0715997180,,user,False,,,2024-12-15 00:00:00+00,2024-12-15 00:00:00+00
10cff200-3ee5-4335-b4c7-659b7fdab1f8,Angela Peterson,user0530@example.com,True,,54,Male,Negombo,0799552852,regular_shoppers,user,False,,,2025-08-01 00:00:00+00,2025-08-01 00:00:00+00
52f20876-3a28-443b-8d1d-faa098a0b086,Carmen Davis,user0531@example.com,True,,38,Female,Nuwara Eliya,0769471365,regular_shoppers,user,False,,,2023-04-04 00:00:00+00,2023-04-04 00:00:00+00
d4ffd894-78e2-410e-b5a2-4d0fd5081ba3,Thilini Nelson,user0532@example.com,True,,73,Male,Matara,0793041052,frequent_shoppers,user,False,,,2023-06-24 00:00:00+00,2023-06-24 00:00:00+00
c970c07e-c447-4820-9551-916682a1f78f,Anil Fernando,user0533@example.com,True,,54,Female,Colombo,0746904845,rare_shoppers,user,False,,,2024-01-04 00:00:00+00,2024-01-04 00:00:00+00
565c9454-b7fe-4818-b218-8000b6692893,Rebecca Adams,user0534@example.com,True,,71,Male,Ratnapura,0734227374,frequent_shoppers,user,False,,,2023-02-17 00:00:00+00,2023-02-17 00:00:00+00
f595d156-cc05-4f0a-beb5-8bb6aab6a6fd,Angela Hill,user0535@example.com,True,,38,Male,Vavuniya,0730700047,frequent_shoppers,user,False,,,2024-06-07 00:00:00+00,2024-06-07 00:00:00+00
ecb4b860-3ba1-4b2d-87ab-a14cabb2c01d,Kim Garcia,user0536@example.com,True,,21,Male,,0753515775,regular_shoppers,user,False,,,2024-10-17 00:00:00+00,2024-10-17 00:00:00+00
e0fa10eb-7a9a-4c00-ada7-5a58dd0aa4d1,Mark Hicks,user0537@example.com,True,,75,Male,Trincomalee,0746143160,occasional_shoppers,user,False,,,2025-02-27 00:00:00+00,2025-02-27 00:00:00+00
4a5a10fb-5e8d-42ab-b657-b009e475fe30,Abigail Rocha,user0538@example.com,True,,44,Male,Colombo,0784451573,rare_shoppers,user,False,,,2023-07-27 00:00:00+00,2023-07-27 00:00:00+00
3741ead2-4248-4447-9d28-303eb6315222,Chamara Dissanayake,user0539@example.com,True,,54,Male,Anuradhapura,0782146810,frequent_shoppers,user,False,,,2023-12-11 00:00:00+00,2023-12-11 00:00:00+00
dabe5ff0-5f2d-495a-a03e-6fccc3f56a97,Tammy Amarasinghe,user0540@example.com,True,,20,,Matara,0774717944,frequent_shoppers,user,False,,,2023-05-04 00:00:00+00,2023-05-04 00:00:00+00
2e5ed111-71aa-4a83-be12-0a587aabf23b,Linda Jayasinghe,user0541@example.com,True,,61,Male,Kilinochchi,0750350996,frequent_shoppers,user,False,,,2025-12-29 00:00:00+00,2025-12-29 00:00:00+00
caccf573-eaba-4de2-af17-93d33d92d727,Monica Hicks,user0542@example.com,True,,71,Female,Kalutara,0755987725,regular_shoppers,user,False,,,2024-10-13 00:00:00+00,2024-10-13 00:00:00+00
fb18d494-833b-43e6-892a-ab87938acb55,Tharaka Nelson,user0543@example.com,False,,63,Male,Ratnapura,0727948365,rare_shoppers,user,False,,,2024-11-03 00:00:00+00,2024-11-03 00:00:00+00
5f1fc606-5143-439a-9ad9-6214818158a0,Chamara Amarasinghe,user0544@example.com,True,,,Female,Kalutara,0782226781,occasional_shoppers,user,False,,,2025-09-28 00:00:00+00,2025-09-28 00:00:00+00
30e01055-b610-491e-b0ab-4f2314fdb604,Monica Dissanayake,user0545@example.com,True,,59,Male,Gampaha,0758045348,regular_shoppers,user,False,,,2025-02-09 00:00:00+00,2025-02-09 00:00:00+00
442f2443-0ddc-4c7d-97e9-e8c70d8d9ada,Victoria Herrera,user0546@example.com,True,,69,Male,Anuradhapura,0758025924,regular_shoppers,user,False,,,2023-02-10 00:00:00+00,2023-02-10 00:00:00+00
d26de1ae-0784-478d-9197-a5136493f026,Zachary Santos,user0547@example.com,True,,58,Female,Moratuwa,0791339562,frequent_shoppers,user,False,,,2025-10-06 00:00:00+00,2025-10-06 00:00:00+00
a3e6719d-43f9-4805-a736-73c3fd57b832,Rebecca Hill,user0548@example.com,False,,70,Male,Kilinochchi,0727212939,regular_shoppers,user,False,,,2023-12-26 00:00:00+00,2023-12-26 00:00:00+00
b93415e1-e1f8-4980-b7c9-49f6fb9072bd,Thilini Santos,user0549@example.com,True,,54,Female,Batticaloa,0785177493,occasional_shoppers,user,False,,,2025-12-27 00:00:00+00,2025-12-27 00:00:00+00
1ad04549-44bc-4872-aeed-53353ae29b61,Michael Hill,user0550@example.com,True,,59,Female,Ratnapura,0779564413,rare_shoppers,user,False,,,2024-07-15 00:00:00+00,2024-07-15 00:00:00+00
e82c8214-35ac-48b4-be00-b08fccb91882,Michael Peterson,user0551@example.com,True,,66,,Kandy,0762594409,regular_shoppers,user,False,,,2025-07-08 00:00:00+00,2025-07-08 00:00:00+00
c66ab3a7-fead-4301-bc1b-942951e3650e,Zachary Rocha,user0552@example.com,True,,54,Other,Kalutara,0751715656,rare_shoppers,user,False,,,2024-02-08 00:00:00+00,2024-02-08 00:00:00+00
5a4b6363-0c85-4389-9ca4-8f40e50180f3,Gabrielle Gunasekara,user0553@example.com,True,,19,Female,Ratnapura,0755741665,regular_shoppers,user,False,,,2025-08-27 00:00:00+00,2025-08-27 00:00:00+00
cec6e090-7674-4f89-be44-3394d694ea56,Abigail Bandara,user0554@example.com,False,,68,Male,Gampaha,0718145263,regular_shoppers,user,False,,,2023-09-13 00:00:00+00,2023-09-13 00:00:00+00
868842d0-d860-4200-a669-9231b176cb97,Cristian Hicks,user0555@example.com,False,,72,Female,Gampaha,0717488001,regular_shoppers,user,False,,,2025-06-03 00:00:00+00,2025-06-03 00:00:00+00
926a5608-6974-4b7c-a93a-8d7367cb6df9,Priya Henderson,user0556@example.com,True,,42,Female,Colombo,0793111718,regular_shoppers,user,False,,,2025-05-26 00:00:00+00,2025-05-26 00:00:00+00
63aa8f9c-67bf-48aa-8bef-d973d1aaac81,Shannon Rocha,user0557@example.com,True,,61,Male,Anuradhapura,0735986503,frequent_shoppers,user,False,,,2023-05-19 00:00:00+00,2023-05-19 00:00:00+00
45416dbb-7c6b-45b2-9c53-d9ef07d6a2dc,Kavinda Davis,user0558@example.com,True,,34,Female,Kurunegala,0788453254,occasional_shoppers,user,False,,,2023-05-04 00:00:00+00,2023-05-04 00:00:00+00
2c880147-ba83-42d4-a8c9-28bc7415e9a5,Tammy Perera,user0559@example.com,True,,66,Female,Negombo,0711084726,regular_shoppers,user,False,,,2024-12-03 00:00:00+00,2024-12-03 00:00:00+00
56865013-dc1a-4928-b7f2-904248a01bef,Sarah Fernando,user0560@example.com,True,,27,Female,Kandy,0737012825,frequent_shoppers,user,False,,,2024-02-15 00:00:00+00,2024-02-15 00:00:00+00
dd1dc18d-57f4-4bb5-9cef-f6d79f48e026,Gabrielle Rocha,user0561@example.com,True,,48,Other,Ratnapura,0766196330,regular_shoppers,user,False,,,2024-11-18 00:00:00+00,2024-11-18 00:00:00+00
131c74be-b4b9-4236-add2-4dcc6c6a3622,Jessica Herrera,user0562@example.com,True,,74,Male,Colombo,0742080592,occasional_shoppers,user,False,,,2025-08-13 00:00:00+00,2025-08-13 00:00:00+00
1837c11d-350b-45f9-920d-fb6bf089be98,Lauren De Silva,user0563@example.com,False,,70,Female,Kurunegala,0714028892,frequent_shoppers,user,False,,,2023-01-21 00:00:00+00,2023-01-21 00:00:00+00
affa6a88-4e36-4aa9-af7f-886a03479ebf,Priya Shaffer,user0564@example.com,True,,46,Female,Kandy,0745164890,frequent_shoppers,user,False,,,2024-08-04 00:00:00+00,2024-08-04 00:00:00+00
51efdbf8-858f-4e5c-96a7-31d8cc27ef6a,Isuru Herrera,user0565@example.com,True,,53,Male,Batticaloa,0724894008,frequent_shoppers,user,False,,,2023-10-09 00:00:00+00,2023-10-09 00:00:00+00
6f7849b4-5dcd-4818-a922-d2b93e3cb952,Jessica Amarasinghe,user0566@example.com,True,,47,Female,Kilinochchi,0718774822,rare_shoppers,user,False,,,2025-06-07 00:00:00+00,2025-06-07 00:00:00+00
4507aad8-8cd5-4eae-9923-20eee8a33a6b,Daniel Davis,user0567@example.com,True,,26,Male,Badulla,0792681879,regular_shoppers,user,False,,,2024-05-15 00:00:00+00,2024-05-15 00:00:00+00
72f784df-b14f-46fc-8721-bfd2d0670908,Dilshan Ray,user0568@example.com,True,,36,Male,Batticaloa,0720926356,occasional_shoppers,user,False,,,2025-09-28 00:00:00+00,2025-09-28 00:00:00+00
9bd8c811-3aa5-489f-9138-1c9a97b3b51e,Lauren Dissanayake,user0569@example.com,True,,22,Male,Kilinochchi,0760181152,regular_shoppers,user,False,,,2024-01-02 00:00:00+00,2024-01-02 00:00:00+00
beeee35f-a1c3-404d-b809-41db2b18600c,Sarah Wickramasinghe,user0570@example.com,True,,49,Female,Kandy,0763136795,occasional_shoppers,user,False,,,2025-07-14 00:00:00+00,2025-07-14 00:00:00+00
eaa10e33-f000-4277-9f84-79b279b21a95,Rebecca Stewart,user0571@example.com,True,,42,Female,Vavuniya,0757187591,occasional_shoppers,user,False,,,2024-08-27 00:00:00+00,2024-08-27 00:00:00+00
4fda05e8-57f6-4eae-8975-ec3a4a738fef,Tricia Fernando,user0572@example.com,True,,,Male,Kalutara,0713317620,occasional_shoppers,user,False,,,2024-10-11 00:00:00+00,2024-10-11 00:00:00+00
9cc33cbf-2b5c-4a79-99dd-667923134842,Kimberly Brooks,user0573@example.com,True,,59,Female,Kilinochchi,0723208247,regular_shoppers,user,False,,,2024-07-20 00:00:00+00,2024-07-20 00:00:00+00
f1df5194-0373-43e7-a905-c592f5e596d8,Daniel Santos,user0574@example.com,True,,52,Male,Matara,0791072076,occasional_shoppers,user,False,,,2024-07-16 00:00:00+00,2024-07-16 00:00:00+00
8c375e32-3abe-4582-80d7-c409a5e6ef60,Joel Herath,user0575@example.com,True,,65,Male,Matara,0787840078,occasional_shoppers,user,False,,,2025-04-07 00:00:00+00,2025-04-07 00:00:00+00
37f3bae3-27f0-4a22-8ea8-f177e0a05f03,Buddhika Gunasekara,user0576@example.com,True,,,Other,Nuwara Eliya,0779232906,occasional_shoppers,user,False,,,2024-03-05 00:00:00+00,2024-03-05 00:00:00+00
d50a3111-1001-48b8-86ac-d486383bda22,Dilshan Dissanayake,user0577@example.com,True,,47,Male,Ratnapura,0770394210,regular_shoppers,user,False,,,2025-05-05 00:00:00+00,2025-05-05 00:00:00+00
4aec66fc-7f7f-4947-892f-cc0c0776f99f,Priya Hill,user0578@example.com,True,,54,Male,Moratuwa,0767139083,occasional_shoppers,user,False,,,2024-11-26 00:00:00+00,2024-11-26 00:00:00+00
407fa95a-41dc-4490-ab18-99fb6f723251,Sunil Seneviratne,user0579@example.com,True,,67,Male,Kandy,0790933663,frequent_shoppers,user,False,,,2024-11-07 00:00:00+00,2024-11-07 00:00:00+00
a162acc5-9560-4ca4-89ce-adfb15099d69,Sachini Fernando,user0580@example.com,True,,42,Male,Anuradhapura,0750888822,regular_shoppers,user,False,,,2025-07-13 00:00:00+00,2025-07-13 00:00:00+00
51cd7d54-5f6d-4fe4-afb1-3c845033bbb1,Monica Herrera,user0581@example.com,True,,53,Female,Colombo,0741278022,frequent_shoppers,user,False,,,2025-03-01 00:00:00+00,2025-03-01 00:00:00+00
6aa2ad5d-ad9a-4cc1-8e03-42c967664383,David Rajapaksa,user0582@example.com,True,,47,Female,Kalutara,0774189781,rare_shoppers,user,False,,,2023-09-22 00:00:00+00,2023-09-22 00:00:00+00
c868ef75-780f-41d1-bb3a-c9d020109816,Thilini Santos,user0583@example.com,True,,75,Male,Kalutara,0751649604,occasional_shoppers,user,False,,,2023-11-22 00:00:00+00,2023-11-22 00:00:00+00
7f68820b-e93e-43a0-af70-d85490f3562d,Dilshan Ray,user0584@example.com,True,,61,Male,Gampaha,0786400632,regular_shoppers,user,False,,,2024-05-20 00:00:00+00,2024-05-20 00:00:00+00
7ff4633e-0ebc-427f-8f71-c8370fa1bbc3,Kevin Brooks,user0585@example.com,True,,20,Male,Gampaha,0733505052,occasional_shoppers,user,False,,,2024-09-01 00:00:00+00,2024-09-01 00:00:00+00
d70ff879-d14e-4b8c-a677-bfa8e1bc41af,Angela Adams,user0586@example.com,True,,57,Male,Kurunegala,0731197304,frequent_shoppers,user,False,,,2023-03-31 00:00:00+00,2023-03-31 00:00:00+00
51e30779-9e18-413b-bd0a-af30fbcb6dac,Linda Wijesinghe,user0587@example.com,True,,36,Male,Anuradhapura,0720272170,regular_shoppers,user,False,,,2023-09-06 00:00:00+00,2023-09-06 00:00:00+00
c530894e-9780-4e2d-9cce-c9d97aa58af8,Buddhika Shaffer,user0588@example.com,False,,67,Male,Kilinochchi,0771995701,,user,False,,,2023-02-24 00:00:00+00,2023-02-24 00:00:00+00
a150749d-ccc0-46cb-9086-428555a18ae7,Victoria Rocha,user0589@example.com,True,,72,Male,Negombo,0721079489,occasional_shoppers,user,False,,,2025-09-19 00:00:00+00,2025-09-19 00:00:00+00
3f397e10-d380-40e2-acb2-75f10ee29e5f,Priya Rajapaksa,user0590@example.com,True,,46,Female,Kurunegala,0781760022,regular_shoppers,user,False,,,2023-12-29 00:00:00+00,2023-12-29 00:00:00+00
411b3e50-6988-49fc-bf23-827086f1b37d,Thilini Hicks,user0591@example.com,True,,60,Female,Badulla,0716409704,occasional_shoppers,user,False,,,2025-12-26 00:00:00+00,2025-12-26 00:00:00+00
dfea19cb-238b-4a13-ac77-9c9ea57a8720,Tharaka Dissanayake,user0592@example.com,True,,60,Female,Matara,0737076822,regular_shoppers,user,False,,,2023-04-10 00:00:00+00,2023-04-10 00:00:00+00
57afd435-b92e-495c-8d62-a244c0ee31d7,Patricia Burgess,user0593@example.com,True,,30,Male,Ratnapura,0722965862,occasional_shoppers,user,False,,,2023-05-10 00:00:00+00,2023-05-10 00:00:00+00
7226baff-c92e-4e48-a21a-e26c937d7da4,Nimal Herrera,user0594@example.com,True,,20,Male,Vavuniya,0726214033,regular_shoppers,user,False,,,2025-03-20 00:00:00+00,2025-03-20 00:00:00+00
c360c479-e63a-436b-85e0-6798bedcce7c,Tricia Ray,user0595@example.com,True,,38,Male,Nuwara Eliya,0759523652,regular_shoppers,user,False,,,2024-07-24 00:00:00+00,2024-07-24 00:00:00+00
b3bb44b4-0bd1-4dea-bec7-2dcc9f6f54b7,Cristian Santos,user0596@example.com,True,,44,Female,Jaffna,0722716400,occasional_shoppers,user,False,,,2023-12-18 00:00:00+00,2023-12-18 00:00:00+00
1896fe21-7ae6-450f-b80e-34f5dbc358ed,Sachini Rocha,user0597@example.com,True,,62,Female,Negombo,0799438746,regular_shoppers,user,False,,,2024-10-13 00:00:00+00,2024-10-13 00:00:00+00
4a279425-39cb-46d2-9df4-33498507587f,Lauren Santos,user0598@example.com,True,,56,Male,Trincomalee,0792724918,occasional_shoppers,user,False,,,2023-01-28 00:00:00+00,2023-01-28 00:00:00+00
07dae676-6f28-47ac-af4c-bc115652abb0,Buddhika Wijesinghe,user0599@example.com,True,,33,Female,Kandy,0737432134,regular_shoppers,user,False,,,2024-02-18 00:00:00+00,2024-02-18 00:00:00+00
f2e3a945-6700-43f6-a0aa-76d440264bb7,Chamara Henderson,user0600@example.com,True,,64,Female,Ratnapura,0765686049,regular_shoppers,user,False,,,2023-03-23 00:00:00+00,2023-03-23 00:00:00+00
c4f12477-efdf-46a2-af79-bb77b83c22da,Chamara Bandara,user0601@example.com,True,,19,Female,Anuradhapura,0739855935,rare_shoppers,user,False,,,2024-05-23 00:00:00+00,2024-05-23 00:00:00+00
715153ce-80eb-48f7-ad6a-46dc156d9202,Sachini Herath,user0602@example.com,True,,38,Female,Moratuwa,0726852512,frequent_shoppers,user,False,,,2023-10-17 00:00:00+00,2023-10-17 00:00:00+00
7acc2957-bc0e-4158-8dc0-e8e22d2bd4b5,Monica Herrera,user0603@example.com,True,,71,Male,Kalutara,0733680772,regular_shoppers,user,False,,,2024-02-09 00:00:00+00,2024-02-09 00:00:00+00
14d12ad2-b076-4571-886b-f01ea55a4594,Sachini Adams,user0604@example.com,True,,54,Female,Moratuwa,0773178094,rare_shoppers,user,False,,,2025-03-26 00:00:00+00,2025-03-26 00:00:00+00
d68de792-f7f7-4edf-b400-6ea2f866ada1,Carmen Garcia,user0605@example.com,True,,65,Male,Moratuwa,0721171324,,user,False,,,2025-02-20 00:00:00+00,2025-02-20 00:00:00+00
5d328880-aa12-4c39-8497-e535be04923b,Buddhika Amarasinghe,user0606@example.com,True,,56,Female,Nuwara Eliya,0774537834,regular_shoppers,user,False,,,2025-02-07 00:00:00+00,2025-02-07 00:00:00+00
932d5f18-8573-49cf-842b-f9ad26203aad,Gabrielle Rocha,user0607@example.com,True,,48,Female,,0765810437,occasional_shoppers,user,False,,,2025-02-05 00:00:00+00,2025-02-05 00:00:00+00
caaa42fd-8bf1-4a26-a1ad-ca97c78a0736,Connor De Silva,user0608@example.com,True,,49,Other,Kandy,0768558918,frequent_shoppers,user,False,,,2023-11-29 00:00:00+00,2023-11-29 00:00:00+00
507cb4ca-360f-4e5a-bffb-6d03b1c878c6,Mark Seneviratne,user0609@example.com,True,,64,Female,Badulla,0742528051,occasional_shoppers,user,False,,,2025-05-18 00:00:00+00,2025-05-18 00:00:00+00
cbb92b99-9279-4960-b9ad-3067947e1192,Lauren Henderson,user0610@example.com,True,,41,Female,Negombo,0790819114,regular_shoppers,user,False,,,2023-10-29 00:00:00+00,2023-10-29 00:00:00+00
a3127eb8-bb7b-4cb1-ba33-fa48bb02b67a,Dilshan Rajapaksa,user0611@example.com,True,,18,Male,Nuwara Eliya,0735343427,regular_shoppers,user,False,,,2023-06-14 00:00:00+00,2023-06-14 00:00:00+00
fb809a7b-b045-4359-ad23-f8bfc446d2a6,Tammy Herrera,user0612@example.com,True,,34,Female,Nuwara Eliya,0786854640,occasional_shoppers,user,False,,,2023-07-02 00:00:00+00,2023-07-02 00:00:00+00
27965274-f85f-42d9-a0e3-7c4c09a08b3b,Crystal Bandara,user0613@example.com,False,,65,Female,Colombo,0766081482,occasional_shoppers,user,False,,,2023-01-04 00:00:00+00,2023-01-04 00:00:00+00
695ef0ed-5a43-48c9-9995-41b5a302c550,Sarah Garcia,user0614@example.com,True,,64,Male,Negombo,0738531115,frequent_shoppers,user,False,,,2023-08-14 00:00:00+00,2023-08-14 00:00:00+00
8b74aa2e-3ac0-4775-ad28-1fe8438f0f76,Kimberly Ray,user0615@example.com,True,,29,Male,Kalutara,0732297072,rare_shoppers,user,False,,,2023-08-12 00:00:00+00,2023-08-12 00:00:00+00
797e2322-94cf-4c7f-a056-fe092554720c,Monica Stewart,user0616@example.com,False,,25,Male,Moratuwa,0710969945,occasional_shoppers,user,False,,,2023-01-20 00:00:00+00,2023-01-20 00:00:00+00
5cbfac08-7f43-4497-b16e-cfae70cd21b9,Nimal Fernando,user0617@example.com,True,,20,Female,,0773516094,rare_shoppers,user,False,,,2024-06-28 00:00:00+00,2024-06-28 00:00:00+00
afcfe426-f49a-476b-bab7-c7677ae792dd,Buddhika Rocha,user0618@example.com,True,,39,Female,Trincomalee,0757785434,occasional_shoppers,user,False,,,2025-02-14 00:00:00+00,2025-02-14 00:00:00+00
934ac7b8-e9c2-4b43-bf14-1445b2ac994b,Jessica Dissanayake,user0619@example.com,True,,47,Male,Negombo,0747509496,,user,False,,,2023-09-09 00:00:00+00,2023-09-09 00:00:00+00
026c7a1f-cb36-4e3e-b0a0-fa9f257f017e,Kumari Seneviratne,user0620@example.com,False,,41,Female,Kilinochchi,0758345978,frequent_shoppers,user,False,,,2024-10-21 00:00:00+00,2024-10-21 00:00:00+00
6155e690-4011-420b-ae13-a8e1a83c0196,Cristian Dissanayake,user0621@example.com,True,,61,Female,Galle,0723482938,rare_shoppers,user,False,,,2025-09-02 00:00:00+00,2025-09-02 00:00:00+00
afbf102e-8f83-4645-b922-a1b95837bcff,Isuru Hicks,user0622@example.com,True,,30,Female,Kilinochchi,0750446284,,user,False,,,2025-10-16 00:00:00+00,2025-10-16 00:00:00+00
25833f96-4597-4ffc-9009-716b804fc0a7,Sunil Silva,user0623@example.com,True,,47,Male,Vavuniya,0713922081,regular_shoppers,user,False,,,2023-07-03 00:00:00+00,2023-07-03 00:00:00+00
86566ddf-e036-4c9f-90b3-c306a401cf8b,Jennifer Amarasinghe,user0624@example.com,True,,75,Male,Moratuwa,0795033398,occasional_shoppers,user,False,,,2023-10-06 00:00:00+00,2023-10-06 00:00:00+00
b42c25b0-dc28-467a-b3e9-b2a4ac6a97ef,Isuru Peterson,user0625@example.com,True,,62,Male,Galle,0785416933,regular_shoppers,user,False,,,2025-02-20 00:00:00+00,2025-02-20 00:00:00+00
a3fa2ad0-983e-4411-bd65-f228a5e491e8,Tammy Dissanayake,user0626@example.com,True,,34,Male,Anuradhapura,0752060116,frequent_shoppers,user,False,,,2025-01-23 00:00:00+00,2025-01-23 00:00:00+00
d59bc2db-ab5f-47a5-9a99-4ec73a1e1b78,Victoria Fernando,user0627@example.com,True,,37,Female,Kalutara,0790747752,regular_shoppers,user,False,,,2023-09-16 00:00:00+00,2023-09-16 00:00:00+00
3f6548d0-c714-4282-b925-be366cb8d71c,Dilshan Adams,user0628@example.com,True,,18,Male,Matara,0748036341,regular_shoppers,user,False,,,2025-07-22 00:00:00+00,2025-07-22 00:00:00+00
fe4ea08a-9a3e-42da-b554-33272848071f,Andrew De Silva,user0629@example.com,True,,69,Male,Kilinochchi,0738951443,frequent_shoppers,user,False,,,2025-09-06 00:00:00+00,2025-09-06 00:00:00+00
d81bdba2-03dd-46fe-82dd-78d9b7b4974b,Kevin Stewart,user0630@example.com,True,,42,Female,Anuradhapura,0717055329,rare_shoppers,user,False,,,2024-04-05 00:00:00+00,2024-04-05 00:00:00+00
5543c268-3b6c-4f9b-8cdd-f45ca99e624d,Kimberly Herath,user0631@example.com,True,,43,Female,Kurunegala,0773541573,regular_shoppers,user,False,,,2024-11-22 00:00:00+00,2024-11-22 00:00:00+00
b4ff825c-fabe-4c57-8d7b-1c3815276c9d,Crystal Seneviratne,user0632@example.com,True,,22,Male,Anuradhapura,0787897778,regular_shoppers,user,False,,,2023-07-19 00:00:00+00,2023-07-19 00:00:00+00
1d3f5685-f95e-4145-bd63-a57f26313066,Abigail Herath,user0633@example.com,True,,37,Male,Moratuwa,0736260378,frequent_shoppers,user,False,,,2024-03-22 00:00:00+00,2024-03-22 00:00:00+00
d5e5b8d3-2ae8-4b56-b81a-2c0e179d9a82,Thilini Gunasekara,user0634@example.com,True,,,Female,Negombo,0722891308,rare_shoppers,user,False,,,2023-12-11 00:00:00+00,2023-12-11 00:00:00+00
287e05d2-50c9-4c89-a354-4e810921c69f,Crystal Peterson,user0635@example.com,True,,21,Female,Kalutara,0725945407,regular_shoppers,user,False,,,2025-04-07 00:00:00+00,2025-04-07 00:00:00+00
26f6a00f-28c8-488f-bb03-95f0477c48f8,Patricia Hicks,user0636@example.com,True,,62,Male,Galle,0797670412,occasional_shoppers,user,False,,,2025-02-21 00:00:00+00,2025-02-21 00:00:00+00
0af76c6c-0010-44ac-9907-e0bc885f4dde,Carmen Burgess,user0637@example.com,True,,,Male,Kilinochchi,0722690720,regular_shoppers,user,False,,,2025-09-09 00:00:00+00,2025-09-09 00:00:00+00
887f435f-fea7-4e6d-b429-75d9f2b3f369,Dilshan Herrera,user0638@example.com,True,,59,Male,Ratnapura,0712650315,rare_shoppers,user,False,,,2024-01-14 00:00:00+00,2024-01-14 00:00:00+00
45678bb1-3402-4087-a08a-861d2129327b,Connor Silva,user0639@example.com,True,,68,Female,Vavuniya,0737845315,occasional_shoppers,user,False,,,2023-09-12 00:00:00+00,2023-09-12 00:00:00+00
dbc82061-9c51-45af-802a-1ab4e23c2658,Nimal Wijesinghe,user0640@example.com,True,,73,Male,Ratnapura,0721787125,frequent_shoppers,user,False,,,2024-02-27 00:00:00+00,2024-02-27 00:00:00+00
55bf501e-2ac7-4cb7-8672-ab52e7b8b2d0,Priya Nelson,user0641@example.com,True,,20,Male,Vavuniya,0716196330,rare_shoppers,user,False,,,2023-01-01 00:00:00+00,2023-01-01 00:00:00+00
f2b084bb-56ff-431e-bc04-d504204e4878,Sarah Wijesinghe,user0642@example.com,True,,60,Male,Ratnapura,0778530276,rare_shoppers,user,False,,,2024-12-22 00:00:00+00,2024-12-22 00:00:00+00
676a66aa-c620-47d4-9fad-9a2da60b254d,Rebecca Wickramasinghe,user0643@example.com,True,,70,,,0790818451,occasional_shoppers,user,False,,,2024-03-16 00:00:00+00,2024-03-16 00:00:00+00
d30a0166-4db6-4f86-8d92-64df4f675504,Priya Ray,user0644@example.com,True,,35,Female,Batticaloa,0721174172,regular_shoppers,user,False,,,2023-12-01 00:00:00+00,2023-12-01 00:00:00+00
551d4202-8648-435b-aeb9-18b48a3ae6eb,Mark Rajapaksa,user0645@example.com,True,,62,Male,Batticaloa,0785650769,occasional_shoppers,user,False,,,2024-01-30 00:00:00+00,2024-01-30 00:00:00+00
7f4343f1-d854-4e46-913e-98539407331c,Nimal Gunasekara,user0646@example.com,False,,56,Female,Kalutara,0726726377,rare_shoppers,user,False,,,2024-05-21 00:00:00+00,2024-05-21 00:00:00+00
8fcafee5-6c9e-4bd1-890d-f9802dab5feb,Anil Shaffer,user0647@example.com,True,,44,Female,Ratnapura,0723146204,frequent_shoppers,user,False,,,2024-04-07 00:00:00+00,2024-04-07 00:00:00+00
ed540b07-bebd-4be7-a210-c5e1fbb0dc4d,Victoria Adams,user0648@example.com,True,,24,Male,Matara,0786793756,occasional_shoppers,user,False,,,2023-07-15 00:00:00+00,2023-07-15 00:00:00+00
c4f906b4-2802-4ab6-9de2-5e5c2ff99ea4,David Silva,user0649@example.com,True,,24,Male,Nuwara Eliya,0764042937,occasional_shoppers,user,False,,,2025-12-24 00:00:00+00,2025-12-24 00:00:00+00
f74fa1d7-2d0a-4157-9af0-59554c92f240,Lauren Fernando,user0650@example.com,True,,18,Female,Negombo,0795791097,occasional_shoppers,user,False,,,2023-04-19 00:00:00+00,2023-04-19 00:00:00+00
81582b4c-ed78-4f79-b4cf-3b60e10190bb,Timothy Wickramasinghe,user0651@example.com,True,,61,Female,Badulla,0779873032,regular_shoppers,user,False,,,2024-07-18 00:00:00+00,2024-07-18 00:00:00+00
f524d68b-d2e2-4116-b05f-19538f00e6a9,Roshan Wijesinghe,user0652@example.com,False,,32,Female,Kalutara,0742217185,occasional_shoppers,user,False,,,2023-06-12 00:00:00+00,2023-06-12 00:00:00+00
7538aefb-d6b2-456e-8104-9eab4c587330,Monica Herrera,user0653@example.com,True,,23,Female,Colombo,0728311107,regular_shoppers,user,False,,,2025-11-07 00:00:00+00,2025-11-07 00:00:00+00
e0491aa5-c7dc-4aba-b6a3-29013911db2b,Lauren Peterson,user0654@example.com,True,,61,Female,Anuradhapura,0756313253,occasional_shoppers,user,False,,,2025-05-20 00:00:00+00,2025-05-20 00:00:00+00
9227ea04-9516-4b71-b38f-e48320aac52a,Patricia De Silva,user0655@example.com,True,,70,Female,Kandy,0733463164,rare_shoppers,user,False,,,2025-12-08 00:00:00+00,2025-12-08 00:00:00+00
793b1bb7-b084-40d0-8a2c-3c5bd16512d4,Gabrielle Burgess,user0656@example.com,True,,50,Male,Kurunegala,0725819626,frequent_shoppers,user,False,,,2024-05-26 00:00:00+00,2024-05-26 00:00:00+00
05f5dcb6-7a21-4ed7-be25-ebe4fa04370b,David Stewart,user0657@example.com,True,,34,Female,Anuradhapura,0714755216,rare_shoppers,user,False,,,2025-11-21 00:00:00+00,2025-11-21 00:00:00+00
488da109-668b-4e96-9382-77dfec913e66,Michael Wijesinghe,user0658@example.com,True,,49,Male,Matara,0711189670,frequent_shoppers,user,False,,,2024-01-17 00:00:00+00,2024-01-17 00:00:00+00
52cbf5f9-e06f-472d-ac5b-45b26d93a5b0,Shannon Garcia,user0659@example.com,True,,23,Female,Moratuwa,0763064163,,user,False,,,2024-05-27 00:00:00+00,2024-05-27 00:00:00+00
39b45add-3b88-4329-8f44-70993824ae70,Timothy Stewart,user0660@example.com,True,,75,Female,Gampaha,0768245146,regular_shoppers,user,False,,,2023-10-14 00:00:00+00,2023-10-14 00:00:00+00
61a0061f-d1ab-4c5d-88ec-8d4fd7ad88e0,Allison Burgess,user0661@example.com,True,,63,Male,,0736708243,occasional_shoppers,user,False,,,2023-03-06 00:00:00+00,2023-03-06 00:00:00+00
5d03cfe1-b848-4602-b93c-bc93ac798197,Lauren Rajapaksa,user0662@example.com,True,,25,Female,Negombo,0762190363,occasional_shoppers,user,False,,,2025-03-29 00:00:00+00,2025-03-29 00:00:00+00
d9ea4892-def5-4a95-9a62-7bde20bcbe46,Joel Shaffer,user0663@example.com,False,,68,,Kilinochchi,0755921387,,user,False,,,2024-04-29 00:00:00+00,2024-04-29 00:00:00+00
12d8c304-4bdf-4800-b26d-28374932e901,Tammy Jayasinghe,user0664@example.com,True,,45,Male,Kalutara,0747733815,frequent_shoppers,user,False,,,2025-11-13 00:00:00+00,2025-11-13 00:00:00+00
a2814fd5-bbbf-4d55-b584-03ab75da9675,Daniel Herath,user0665@example.com,True,,62,Female,Jaffna,0789349010,regular_shoppers,user,False,,,2024-01-07 00:00:00+00,2024-01-07 00:00:00+00
56907587-56a2-4c25-9cac-5875ec757a27,Tharaka Gunasekara,user0666@example.com,True,,25,Male,Negombo,0761050068,regular_shoppers,user,False,,,2023-07-06 00:00:00+00,2023-07-06 00:00:00+00
ed2ac112-7e7b-4946-873b-e3df2f9f6384,Angela Perera,user0667@example.com,True,,58,Male,Kandy,0758798364,regular_shoppers,user,False,,,2024-09-15 00:00:00+00,2024-09-15 00:00:00+00
5c542c81-e24d-49d2-880c-85e82c85b7f5,Linda Burgess,user0668@example.com,True,,33,Male,,0747602351,occasional_shoppers,user,False,,,2024-03-10 00:00:00+00,2024-03-10 00:00:00+00
31c94587-6e6d-4a98-a73c-23c4dee30305,Sachini Shaffer,user0669@example.com,True,,34,Male,Jaffna,0758504268,occasional_shoppers,user,False,,,2023-09-24 00:00:00+00,2023-09-24 00:00:00+00
41d95331-3b2a-472b-bc9d-04a6f5a4e4e9,Thilini Seneviratne,user0670@example.com,False,,56,Female,Nuwara Eliya,0797826062,frequent_shoppers,user,False,,,2023-09-04 00:00:00+00,2023-09-04 00:00:00+00
fcac9df9-0154-49c9-bdc0-e5eda0e2f9b5,Zachary Ray,user0671@example.com,False,,24,Female,Moratuwa,0735730441,regular_shoppers,user,False,,,2023-11-11 00:00:00+00,2023-11-11 00:00:00+00
10288be6-4ab5-4ed1-9678-ae793ec58bd2,Angela Silva,user0672@example.com,True,,75,Female,Badulla,0719087680,regular_shoppers,user,False,,,2023-08-29 00:00:00+00,2023-08-29 00:00:00+00
08d5adf5-c04a-4e1c-b0d1-21dd259c004c,Lauren Garcia,user0673@example.com,True,,50,Male,Negombo,0735526992,rare_shoppers,user,False,,,2023-05-05 00:00:00+00,2023-05-05 00:00:00+00
b5055a21-5ed9-4022-9e7c-e6dc02f36232,Thilini Bandara,user0674@example.com,True,,61,Female,Gampaha,0746439333,regular_shoppers,user,False,,,2025-03-10 00:00:00+00,2025-03-10 00:00:00+00
e2d1ed03-b15f-43d2-86a2-844a340cfc62,Rebecca Herrera,user0675@example.com,True,,,Female,,0780474132,regular_shoppers,user,False,,,2025-10-28 00:00:00+00,2025-10-28 00:00:00+00
6eb0b573-2f88-4e45-a04d-3c89385a5850,Mark Stewart,user0676@example.com,True,,36,Female,Kandy,0747279846,regular_shoppers,user,False,,,2023-10-31 00:00:00+00,2023-10-31 00:00:00+00
acf261f7-2845-478d-8407-d7c05e2e25a6,Joel Nelson,user0677@example.com,True,,21,Male,Vavuniya,0783722452,regular_shoppers,user,False,,,2025-01-25 00:00:00+00,2025-01-25 00:00:00+00
39d5c19a-0879-4731-b319-dde006d98797,Mark De Silva,user0678@example.com,True,,75,Male,Colombo,0712098962,regular_shoppers,user,False,,,2024-07-26 00:00:00+00,2024-07-26 00:00:00+00
5433ea30-3ecb-4291-bb82-7fb7b399cc7b,Anil Rajapaksa,user0679@example.com,True,,67,Female,Nuwara Eliya,0739613670,regular_shoppers,user,False,,,2024-02-27 00:00:00+00,2024-02-27 00:00:00+00
05e489ff-b347-47e1-9934-3a8a1862d17f,Lisa Nelson,user0680@example.com,True,,58,Female,Trincomalee,0722575001,regular_shoppers,user,False,,,2023-10-31 00:00:00+00,2023-10-31 00:00:00+00
ff169e60-f56b-4b15-9e69-7e8ecd0ce376,Kevin Herrera,user0681@example.com,True,,70,Male,Kurunegala,0762908270,frequent_shoppers,user,False,,,2023-11-30 00:00:00+00,2023-11-30 00:00:00+00
970fa45f-f4fc-4d40-9d3d-c3af434648f3,Sunil Jayasinghe,user0682@example.com,True,,27,Male,Nuwara Eliya,0760717541,regular_shoppers,user,False,,,2023-01-25 00:00:00+00,2023-01-25 00:00:00+00
bf1f2488-9d33-4a97-888a-6113595bd3fa,Victoria Hill,user0683@example.com,True,,18,Female,,0790481940,frequent_shoppers,user,False,,,2023-10-20 00:00:00+00,2023-10-20 00:00:00+00
da635038-41bc-449d-a022-74aff8576841,Allison Dissanayake,user0684@example.com,True,,68,Female,Galle,0751256515,regular_shoppers,user,False,,,2025-06-28 00:00:00+00,2025-06-28 00:00:00+00
a82e7d64-f21f-4a57-904b-80e500074d99,Jessica Peterson,user0685@example.com,True,,21,Male,Colombo,0765738565,frequent_shoppers,user,False,,,2024-08-30 00:00:00+00,2024-08-30 00:00:00+00
20d02339-7fa7-4c22-ae6b-6a9963ea07e5,Andrew Hill,user0686@example.com,True,,19,Male,Matara,0725087236,occasional_shoppers,user,False,,,2025-02-26 00:00:00+00,2025-02-26 00:00:00+00
7aca5184-dcb8-4435-b133-d10e51e0ecc0,Kevin Herrera,user0687@example.com,True,,32,Female,Ratnapura,0791135473,rare_shoppers,user,False,,,2023-06-23 00:00:00+00,2023-06-23 00:00:00+00
82ce7d73-76e6-40a3-ae5f-44656d920103,Andrew Herrera,user0688@example.com,True,,39,Female,Matara,0777008305,regular_shoppers,user,False,,,2023-08-01 00:00:00+00,2023-08-01 00:00:00+00
823c9de6-51a9-4999-acef-8e1f6479b18f,Nimal Burgess,user0689@example.com,True,,69,Female,Negombo,0774214057,frequent_shoppers,user,False,,,2023-10-30 00:00:00+00,2023-10-30 00:00:00+00
a29addaf-f4e8-4af5-9ca1-260912466669,Gabrielle Shaffer,user0690@example.com,True,,64,Male,Kurunegala,0765558669,regular_shoppers,user,False,,,2025-10-09 00:00:00+00,2025-10-09 00:00:00+00
f8006199-e6f2-4fd7-8dd3-a3cf19ffbe4a,Sachini Dissanayake,user0691@example.com,True,,26,Female,Kalutara,0740885447,regular_shoppers,user,False,,,2025-10-05 00:00:00+00,2025-10-05 00:00:00+00
c12fe07d-e89d-4acb-aefb-22ea8139870b,Victoria Santos,user0692@example.com,True,,44,Female,Trincomalee,0712302458,regular_shoppers,user,False,,,2023-01-06 00:00:00+00,2023-01-06 00:00:00+00
4e0726e0-79d7-4166-9ba3-f5109c2e21c6,Timothy Silva,user0693@example.com,True,,26,Male,Negombo,0740143583,frequent_shoppers,user,False,,,2025-05-12 00:00:00+00,2025-05-12 00:00:00+00
5a76b7de-f739-47e2-8d8c-ab0a1c5b0cd6,Abigail De Silva,user0694@example.com,True,,62,Male,,0719901281,regular_shoppers,user,False,,,2023-08-06 00:00:00+00,2023-08-06 00:00:00+00
8ad826a9-4a90-431b-9ecc-6ba4cf9ad29e,Lauren Bandara,user0695@example.com,True,,28,,Galle,0734484603,frequent_shoppers,user,False,,,2025-05-02 00:00:00+00,2025-05-02 00:00:00+00
c6799725-554e-4bdf-bc25-31d298a47285,Lauren De Silva,user0696@example.com,True,,51,Male,Ratnapura,0730922844,regular_shoppers,user,False,,,2023-01-28 00:00:00+00,2023-01-28 00:00:00+00
ff1ef2ba-7fdb-481f-8a43-3ccd760f0cff,Abigail Wijesinghe,user0697@example.com,True,,56,Female,,0744635469,occasional_shoppers,user,False,,,2025-07-19 00:00:00+00,2025-07-19 00:00:00+00
c685b3d3-775e-43d5-b612-84fb7971ac50,Kavinda Perera,user0698@example.com,True,,32,Male,Kilinochchi,0717515766,rare_shoppers,user,False,,,2024-03-09 00:00:00+00,2024-03-09 00:00:00+00
1c3e2d45-24d1-4a4d-b9ad-4af4e4b8091b,Tricia Hicks,user0699@example.com,True,,65,Female,Gampaha,0732122351,occasional_shoppers,user,False,,,2025-04-09 00:00:00+00,2025-04-09 00:00:00+00
c9dc3756-cd08-4ff2-be91-02631c6046e4,Abigail Dissanayake,user0700@example.com,True,,45,Male,Ratnapura,0724289429,,user,False,,,2024-07-31 00:00:00+00,2024-07-31 00:00:00+00
fe2967a5-3b0f-489f-84ec-a11e04109473,Gabrielle Ray,user0701@example.com,True,,66,Male,Kandy,0774935475,frequent_shoppers,user,False,,,2023-04-02 00:00:00+00,2023-04-02 00:00:00+00
581ed7de-38ad-4d22-8751-4d624769f38d,Cristian Henderson,user0702@example.com,True,,37,,Matara,0757759672,regular_shoppers,user,False,,,2024-10-06 00:00:00+00,2024-10-06 00:00:00+00
66b391ed-dbce-4e8f-bfa1-c8f1d03cfea1,Joel Wickramasinghe,user0703@example.com,True,,39,Female,Negombo,0715020855,,user,False,,,2025-02-21 00:00:00+00,2025-02-21 00:00:00+00
baa4a344-00f0-4c8f-916d-3c8c39ef26a7,David Herrera,user0704@example.com,True,,47,Female,Trincomalee,0731615365,occasional_shoppers,user,False,,,2023-10-16 00:00:00+00,2023-10-16 00:00:00+00
2c2a445c-92dc-4a17-bc83-5710d8561e1e,Cynthia Perera,user0705@example.com,False,,56,Female,Negombo,0762027391,regular_shoppers,user,False,,,2025-06-01 00:00:00+00,2025-06-01 00:00:00+00
ace3666b-7b5e-43aa-8738-1be44d0e69db,Patricia Ray,user0706@example.com,True,,56,Male,Moratuwa,0721699448,frequent_shoppers,user,False,,,2024-09-25 00:00:00+00,2024-09-25 00:00:00+00
ca27a72d-b387-4add-9277-8c6749f62eda,Kevin Shaffer,user0707@example.com,True,,28,Male,Badulla,0773520009,frequent_shoppers,user,False,,,2025-08-01 00:00:00+00,2025-08-01 00:00:00+00
6cd82db5-0c5a-44df-8574-4361880ac49a,Mark Seneviratne,user0708@example.com,True,,59,Female,Moratuwa,0793172511,,user,False,,,2024-08-10 00:00:00+00,2024-08-10 00:00:00+00
3a5e3f20-81c0-45ec-8092-88b778c9e4ed,Sunil Davis,user0709@example.com,True,,50,Female,Kalutara,0796418337,regular_shoppers,user,False,,,2023-03-29 00:00:00+00,2023-03-29 00:00:00+00
d513a214-4474-4ba9-9acc-2fae8b537fc8,Abigail De Silva,user0710@example.com,True,,62,Male,Matara,0772045979,regular_shoppers,user,False,,,2023-05-30 00:00:00+00,2023-05-30 00:00:00+00
ebdda634-c04f-459d-baac-91ab30f779a4,Nimal Santos,user0711@example.com,True,,47,Female,Galle,0736772544,frequent_shoppers,user,False,,,2025-03-23 00:00:00+00,2025-03-23 00:00:00+00
290d3e74-dc79-4c5d-9ada-38ce5d9f4a96,Connor Rocha,user0712@example.com,True,,39,Female,Moratuwa,0729530531,regular_shoppers,user,False,,,2023-11-15 00:00:00+00,2023-11-15 00:00:00+00
267da4d3-1d72-4310-a553-5c6bcd77953e,Tharaka Ray,user0713@example.com,False,,20,Female,Badulla,0713079321,rare_shoppers,user,False,,,2024-03-13 00:00:00+00,2024-03-13 00:00:00+00
6066e183-80c8-4bf3-be9e-76c9d79deaee,Buddhika Rajapaksa,user0714@example.com,True,,34,Male,Nuwara Eliya,0780434503,occasional_shoppers,user,False,,,2025-07-13 00:00:00+00,2025-07-13 00:00:00+00
f66a57ce-deb9-4a72-a978-acd372a6dd1e,Rebecca Rajapaksa,user0715@example.com,True,,29,Male,Ratnapura,0766250794,regular_shoppers,user,False,,,2024-02-11 00:00:00+00,2024-02-11 00:00:00+00
a5d3db42-4808-498c-9c47-86f1858a1996,Lauren Peterson,user0716@example.com,False,,68,Female,Nuwara Eliya,0799652407,regular_shoppers,user,False,,,2024-02-11 00:00:00+00,2024-02-11 00:00:00+00
4dac0657-cfb3-4033-8d6f-697114a06281,Dilshan Jayasinghe,user0717@example.com,True,,60,Female,Ratnapura,0777034462,,user,False,,,2025-07-28 00:00:00+00,2025-07-28 00:00:00+00
6ae9d63b-1efb-42be-8252-ccbb8250728f,Lisa Shaffer,user0718@example.com,True,,61,Female,,0795753906,occasional_shoppers,user,False,,,2023-09-15 00:00:00+00,2023-09-15 00:00:00+00
0493ff3c-52c9-4ea6-ad82-1f465163057f,Dilshan Shaffer,user0719@example.com,True,,,Male,Kurunegala,0787421674,regular_shoppers,user,False,,,2024-03-05 00:00:00+00,2024-03-05 00:00:00+00
279a26ed-b832-4462-81b6-322538592a38,Allison Burgess,user0720@example.com,True,,19,Male,Jaffna,0757208264,regular_shoppers,user,False,,,2025-07-22 00:00:00+00,2025-07-22 00:00:00+00
adb1553c-8b95-4479-9581-1b589b67ea99,Crystal Bandara,user0721@example.com,True,,51,Male,Gampaha,0761212562,frequent_shoppers,user,False,,,2023-11-30 00:00:00+00,2023-11-30 00:00:00+00
93981961-457b-4f3a-badd-c35cc9e91c53,David Herath,user0722@example.com,False,,61,Male,Jaffna,0712204726,occasional_shoppers,user,False,,,2023-08-01 00:00:00+00,2023-08-01 00:00:00+00
f4d6de70-1872-4ade-be88-672c88d2ec28,Nethmi Amarasinghe,user0723@example.com,True,,49,Female,Gampaha,0738436861,occasional_shoppers,user,False,,,2024-08-16 00:00:00+00,2024-08-16 00:00:00+00
a0e9c1f2-20e7-4d06-ade3-3cb11278b19d,Tricia Seneviratne,user0724@example.com,True,,42,Female,Badulla,0796551565,rare_shoppers,user,False,,,2025-04-25 00:00:00+00,2025-04-25 00:00:00+00
758ef67f-f347-4981-950c-4e7610d458a4,Roshan Dissanayake,user0725@example.com,True,,18,Female,Batticaloa,0710558017,regular_shoppers,user,False,,,2025-04-29 00:00:00+00,2025-04-29 00:00:00+00
1904225a-66bc-4287-8a3b-44c02057513e,Angela Henderson,user0726@example.com,True,,,Male,Ratnapura,0762527771,rare_shoppers,user,False,,,2025-05-30 00:00:00+00,2025-05-30 00:00:00+00
4b6e3b43-26e2-435a-9f64-a9a0bffb2a50,Zachary Jayasinghe,user0727@example.com,True,,71,Female,Nuwara Eliya,0768707047,frequent_shoppers,user,False,,,2024-10-13 00:00:00+00,2024-10-13 00:00:00+00
810c3ce6-6811-4e5c-b571-570396820833,Tricia Shaffer,user0728@example.com,True,,26,Female,Batticaloa,0722517871,frequent_shoppers,user,False,,,2024-10-22 00:00:00+00,2024-10-22 00:00:00+00
1bb88600-8cda-4877-8734-e43e910b6c50,Angie Garcia,user0729@example.com,False,,,Male,Vavuniya,0727521857,frequent_shoppers,user,False,,,2025-02-22 00:00:00+00,2025-02-22 00:00:00+00
8328ff85-3c07-470e-b950-1296d644cdae,Michael Gunasekara,user0730@example.com,True,,40,Female,Anuradhapura,0798484070,regular_shoppers,user,False,,,2025-02-13 00:00:00+00,2025-02-13 00:00:00+00
14f84ca1-18d8-40d8-9bad-322cc03a26e0,Abigail Nelson,user0731@example.com,True,,27,Female,Jaffna,0747911547,rare_shoppers,user,False,,,2023-09-09 00:00:00+00,2023-09-09 00:00:00+00
35cb7939-e460-4877-93fe-0af5d499fe46,Mark Wijesinghe,user0732@example.com,False,,22,Male,Nuwara Eliya,0793977718,occasional_shoppers,user,False,,,2025-04-27 00:00:00+00,2025-04-27 00:00:00+00
6e6f26dd-9108-4627-b1ab-5ec286ecb803,Gabrielle Ray,user0733@example.com,True,,42,Female,Kurunegala,0794720028,frequent_shoppers,user,False,,,2024-01-01 00:00:00+00,2024-01-01 00:00:00+00
ab4a8aaf-5aa8-4e3c-9a14-b7f1ea85c55e,Sachini Herath,user0734@example.com,True,,,Other,Vavuniya,0726320018,,user,False,,,2025-12-04 00:00:00+00,2025-12-04 00:00:00+00
97e2bc6d-b6ff-46c7-b112-13133c66da3c,Zachary Jayasinghe,user0735@example.com,False,,,,Negombo,0728597882,regular_shoppers,user,False,,,2024-03-20 00:00:00+00,2024-03-20 00:00:00+00
75b130ac-f837-4fef-867a-ca98c0b73d0a,Tricia Santos,user0736@example.com,True,,26,Female,Badulla,0776545378,occasional_shoppers,user,False,,,2025-08-14 00:00:00+00,2025-08-14 00:00:00+00
8ec2c9ad-0e42-4a21-bea1-902c55b37a88,Tammy Perera,user0737@example.com,True,,30,Male,Batticaloa,0737626276,frequent_shoppers,user,False,,,2024-09-30 00:00:00+00,2024-09-30 00:00:00+00
e7d4dab1-4759-44fd-93bc-6447d55e39b0,Isuru Peterson,user0738@example.com,True,,46,Female,Jaffna,0794919350,regular_shoppers,user,False,,,2024-12-23 00:00:00+00,2024-12-23 00:00:00+00
c0ecb5cc-1ff9-479b-a952-6842d123afd2,Gabrielle Brooks,user0739@example.com,True,,20,Male,Kilinochchi,0767631320,frequent_shoppers,user,False,,,2024-01-04 00:00:00+00,2024-01-04 00:00:00+00
cf6c3528-c068-419a-b30c-82ec9f01bf06,Kimberly Burgess,user0740@example.com,True,,31,Male,Jaffna,0738692049,,user,False,,,2023-01-23 00:00:00+00,2023-01-23 00:00:00+00
dd2c0aea-1599-48cc-b583-f77a93a510e8,Michael Fernando,user0741@example.com,True,,75,Male,Anuradhapura,0720042733,frequent_shoppers,user,False,,,2024-07-23 00:00:00+00,2024-07-23 00:00:00+00
889b69c1-2d1f-4e21-a0a3-26ef1482ea07,Kavinda Wijesinghe,user0742@example.com,True,,61,Male,Anuradhapura,0746831418,,user,False,,,2025-10-08 00:00:00+00,2025-10-08 00:00:00+00
086af6d3-c4e2-4e5d-ae3e-5202a6ef4c89,Angela Shaffer,user0743@example.com,True,,28,Female,Colombo,0748166934,regular_shoppers,user,False,,,2023-01-10 00:00:00+00,2023-01-10 00:00:00+00
e85a16de-bb43-456a-8463-0ea62b29432c,Joel Bandara,user0744@example.com,True,,20,Female,,0765710942,frequent_shoppers,user,False,,,2023-07-14 00:00:00+00,2023-07-14 00:00:00+00
18f43344-8402-434a-9d59-c3183a61d2b8,Isuru Stewart,user0745@example.com,True,,66,Male,Moratuwa,0796046600,regular_shoppers,user,False,,,2025-07-19 00:00:00+00,2025-07-19 00:00:00+00
2e5b3dde-2263-4e8d-b6cd-4a3857c74bf6,Daniel Bandara,user0746@example.com,True,,57,Male,Negombo,0721813404,regular_shoppers,user,False,,,2025-06-11 00:00:00+00,2025-06-11 00:00:00+00
85e1212d-1c11-4f1c-8dbc-f24e5e84f79e,Zachary De Silva,user0747@example.com,True,,41,Female,,0750841125,frequent_shoppers,user,False,,,2023-03-30 00:00:00+00,2023-03-30 00:00:00+00
c563100d-3e1f-4e1a-9c79-74b91ea57431,Gabrielle Nelson,user0748@example.com,True,,57,Male,Negombo,0788400641,frequent_shoppers,user,False,,,2024-10-15 00:00:00+00,2024-10-15 00:00:00+00
7a59f8ee-5913-428e-967f-dc757f38a6e4,Angela Gunasekara,user0749@example.com,True,,25,Male,Moratuwa,0745408251,regular_shoppers,user,False,,,2025-09-15 00:00:00+00,2025-09-15 00:00:00+00
6dd71d2d-0a4c-4d66-8bbb-01f29a920233,David Wickramasinghe,user0750@example.com,False,,53,Male,Anuradhapura,0711762024,frequent_shoppers,user,False,,,2025-10-09 00:00:00+00,2025-10-09 00:00:00+00
cd066d88-3421-4325-9cbf-86c03a2ed934,Nimal Ray,user0751@example.com,True,,42,Male,Kilinochchi,0797951446,regular_shoppers,user,False,,,2024-09-30 00:00:00+00,2024-09-30 00:00:00+00
0a661e90-2d03-47df-9fa2-844e781b33a2,Andrew Herath,user0752@example.com,True,,26,Male,Kilinochchi,0732038057,regular_shoppers,user,False,,,2023-05-21 00:00:00+00,2023-05-21 00:00:00+00
6a75e21f-d26d-4a8a-8de4-f1c5a9ba1155,Sunil Stewart,user0753@example.com,True,,54,Male,Jaffna,0773919907,occasional_shoppers,user,False,,,2024-01-19 00:00:00+00,2024-01-19 00:00:00+00
61843c7d-dcfc-4f77-8f0d-8c2dfd87beae,Nimal Perera,user0754@example.com,True,,34,Female,Anuradhapura,0769235732,regular_shoppers,user,False,,,2025-11-06 00:00:00+00,2025-11-06 00:00:00+00
5bf027af-fd7a-44b5-841e-e1f0b3294972,Linda Burgess,user0755@example.com,True,,59,Female,Anuradhapura,0779607791,regular_shoppers,user,False,,,2025-12-20 00:00:00+00,2025-12-20 00:00:00+00
a64d880b-c3e3-44a3-b7f2-02160f38db78,Tammy Shaffer,user0756@example.com,True,,59,Male,Kandy,0740395619,regular_shoppers,user,False,,,2025-12-25 00:00:00+00,2025-12-25 00:00:00+00
60597c12-2825-4585-8553-2988f435a2c5,Nethmi Wickramasinghe,user0757@example.com,True,,43,Male,Batticaloa,0748653705,frequent_shoppers,user,False,,,2024-02-21 00:00:00+00,2024-02-21 00:00:00+00
6bf81c66-008c-4675-83dc-4483d796c1ad,Roshan Jayasinghe,user0758@example.com,True,,18,Female,Moratuwa,0719322043,occasional_shoppers,user,False,,,2024-05-03 00:00:00+00,2024-05-03 00:00:00+00
b2012800-d748-4e95-88c5-3c7ee14fbd76,Jennifer Herrera,user0759@example.com,True,,47,Male,Ratnapura,0732914336,,user,False,,,2024-06-24 00:00:00+00,2024-06-24 00:00:00+00
7bba9f15-057a-4234-97d7-80ddf5c592ff,Sunil Seneviratne,user0760@example.com,True,,56,Male,,0786137251,regular_shoppers,user,False,,,2023-04-03 00:00:00+00,2023-04-03 00:00:00+00
49a57990-3861-4836-820f-dc5c663c6048,Sunil Stewart,user0761@example.com,True,,51,Female,Jaffna,0757081034,occasional_shoppers,user,False,,,2025-07-15 00:00:00+00,2025-07-15 00:00:00+00
34231b73-b8d6-41d4-8258-54b7583514b5,Anil Nelson,user0762@example.com,True,,34,Male,Ratnapura,0779700460,occasional_shoppers,user,False,,,2025-09-18 00:00:00+00,2025-09-18 00:00:00+00
c1b0845b-5b56-47ec-a68f-0a8ca6d90060,Isuru Gunasekara,user0763@example.com,True,,,Female,Negombo,0721982151,frequent_shoppers,user,False,,,2025-06-01 00:00:00+00,2025-06-01 00:00:00+00
73ee4751-45e5-436d-a6e1-e1dad675c53e,Zachary Amarasinghe,user0764@example.com,True,,58,Male,Vavuniya,0756821190,regular_shoppers,user,False,,,2025-12-15 00:00:00+00,2025-12-15 00:00:00+00
d29d8228-b3e6-41e0-adee-f2b3a8469171,Jessica Hicks,user0765@example.com,True,,35,Male,Ratnapura,0756573258,frequent_shoppers,user,False,,,2025-07-20 00:00:00+00,2025-07-20 00:00:00+00
040888af-be15-47b1-8a08-b6be7a171cef,David Shaffer,user0766@example.com,True,,49,Male,Kilinochchi,0748689596,regular_shoppers,user,False,,,2023-11-30 00:00:00+00,2023-11-30 00:00:00+00
b5638b5c-5aaf-47a9-a696-61cc2204bc73,Gabrielle Dissanayake,user0767@example.com,True,,47,,Jaffna,0710086129,regular_shoppers,user,False,,,2025-05-31 00:00:00+00,2025-05-31 00:00:00+00
47975845-583e-4121-84f2-b27192138fc3,Abigail Nelson,user0768@example.com,True,,74,Female,Vavuniya,0736404306,frequent_shoppers,user,False,,,2024-07-08 00:00:00+00,2024-07-08 00:00:00+00
011fa524-17f7-4ebe-b314-b0e13c91cb96,Tammy Fernando,user0769@example.com,True,,36,Male,Nuwara Eliya,0750536794,rare_shoppers,user,False,,,2023-07-20 00:00:00+00,2023-07-20 00:00:00+00
caaeffed-ad83-4cdd-838d-abbadbb4b60f,Sachini Stewart,user0770@example.com,True,,45,Male,Anuradhapura,0721488759,regular_shoppers,user,False,,,2024-02-13 00:00:00+00,2024-02-13 00:00:00+00
9ce71aa4-224f-4e2b-be53-cd4d2c17d8b0,Kim Fernando,user0771@example.com,True,,47,Male,Kalutara,0757990755,regular_shoppers,user,False,,,2024-10-03 00:00:00+00,2024-10-03 00:00:00+00
3f4b7d35-616f-4820-97be-05b50c6d6904,Michael Burgess,user0772@example.com,True,,44,Male,Colombo,0750586096,regular_shoppers,user,False,,,2023-10-15 00:00:00+00,2023-10-15 00:00:00+00
f6559026-e77a-40fc-b6ac-3d4327cad0e8,Patricia Fernando,user0773@example.com,True,,26,Female,Kandy,0772117013,regular_shoppers,user,False,,,2025-04-05 00:00:00+00,2025-04-05 00:00:00+00
356a5e2f-7c0d-4f46-8467-a2a5491544ed,Buddhika Herath,user0774@example.com,True,,71,Male,Jaffna,0754467352,frequent_shoppers,user,False,,,2024-08-18 00:00:00+00,2024-08-18 00:00:00+00
ffc7efe4-19b6-4238-b99e-908947978ec6,Abigail Shaffer,user0775@example.com,True,,61,Female,Kilinochchi,0795854802,occasional_shoppers,user,False,,,2025-10-11 00:00:00+00,2025-10-11 00:00:00+00
4ad4c53a-3f1a-427d-8581-81f83d353afd,Andrew Stewart,user0776@example.com,True,,64,Male,Anuradhapura,0743179439,frequent_shoppers,user,False,,,2023-09-05 00:00:00+00,2023-09-05 00:00:00+00
81b1691c-a5c6-499c-8a95-6ee51de7895f,Rebecca Shaffer,user0777@example.com,True,,71,Male,Matara,0783379415,rare_shoppers,user,False,,,2024-04-26 00:00:00+00,2024-04-26 00:00:00+00
e0595a7c-6033-460f-8417-07389245f9bf,Mark Bandara,user0778@example.com,True,,46,Female,Colombo,0783374285,occasional_shoppers,user,False,,,2024-05-07 00:00:00+00,2024-05-07 00:00:00+00
e8010583-da6a-4f25-8ae4-17eb6fd8e743,Zachary Peterson,user0779@example.com,True,,36,Female,Batticaloa,0767020114,occasional_shoppers,user,False,,,2023-08-08 00:00:00+00,2023-08-08 00:00:00+00
e058fd48-e11a-427e-956b-fe1654975e90,Andrew Hill,user0780@example.com,True,,25,Male,Gampaha,0772801428,,user,False,,,2024-12-27 00:00:00+00,2024-12-27 00:00:00+00
69a73359-64dd-4b21-9f6b-fae11a189776,Isuru Brooks,user0781@example.com,False,,28,Female,Badulla,0798035991,regular_shoppers,user,False,,,2025-11-16 00:00:00+00,2025-11-16 00:00:00+00
d219d1d5-d7a6-4805-85ba-b4cf07c62680,Andrew Burgess,user0782@example.com,False,,54,Female,Batticaloa,0796588420,occasional_shoppers,user,False,,,2025-03-17 00:00:00+00,2025-03-17 00:00:00+00
72eb6c8d-5c4d-44e7-adb8-0d0c760e2420,Lauren Hicks,user0783@example.com,True,,56,Female,Kilinochchi,0764193609,occasional_shoppers,user,False,,,2024-12-13 00:00:00+00,2024-12-13 00:00:00+00
9713da22-0e04-4603-b76e-a6f8bee976cb,Gabrielle Henderson,user0784@example.com,True,,,Male,Moratuwa,0741758221,regular_shoppers,user,False,,,2024-04-19 00:00:00+00,2024-04-19 00:00:00+00
6b32f99e-3800-4aec-938b-0d096a133ee7,Shannon Wijesinghe,user0785@example.com,True,,64,Female,Galle,0719782015,regular_shoppers,user,False,,,2023-03-18 00:00:00+00,2023-03-18 00:00:00+00
a591f781-803f-44f9-84da-a50f5b8a0021,Carmen Seneviratne,user0786@example.com,True,,58,Female,Gampaha,0775914731,rare_shoppers,user,False,,,2024-02-14 00:00:00+00,2024-02-14 00:00:00+00
b4a12000-40cb-4050-b14e-97706edb9e0d,Carmen Rajapaksa,user0787@example.com,True,,30,Male,Anuradhapura,0728865991,frequent_shoppers,user,False,,,2023-07-17 00:00:00+00,2023-07-17 00:00:00+00
dbdcac48-af37-458f-8f7b-f00219a1b2df,Allison Burgess,user0788@example.com,True,,54,Male,Kilinochchi,0757846632,occasional_shoppers,user,False,,,2025-08-28 00:00:00+00,2025-08-28 00:00:00+00
2938e04c-690f-49f7-b635-146678019678,Nethmi Wijesinghe,user0789@example.com,True,,26,Male,Galle,0725827960,frequent_shoppers,user,False,,,2025-11-25 00:00:00+00,2025-11-25 00:00:00+00
57c54539-ef15-41a1-947b-0a4a486ed592,Kevin Adams,user0790@example.com,True,,52,Male,Batticaloa,0720036415,regular_shoppers,user,False,,,2023-11-20 00:00:00+00,2023-11-20 00:00:00+00
2c0339a7-9deb-408e-a1bd-5f4d5aaa7007,Anil Fernando,user0791@example.com,True,,51,Female,Kandy,0745306385,occasional_shoppers,user,False,,,2025-08-22 00:00:00+00,2025-08-22 00:00:00+00
56fdb713-9fbe-4a53-930c-e7c7d7628bdd,Chamara Hill,user0792@example.com,True,,,Male,Kandy,0799031467,regular_shoppers,user,False,,,2024-11-06 00:00:00+00,2024-11-06 00:00:00+00
837f8b61-2aa7-4966-9efc-34806c860a51,Abigail Adams,user0793@example.com,True,,69,Female,Kandy,0792199318,frequent_shoppers,user,False,,,2025-05-02 00:00:00+00,2025-05-02 00:00:00+00
71008d69-8d5c-41db-a74f-ad8b42833c0e,Monica Wijesinghe,user0794@example.com,True,,26,Male,,0740568777,occasional_shoppers,user,False,,,2025-06-02 00:00:00+00,2025-06-02 00:00:00+00
8bc46afd-7abc-4da1-a288-9443778c5313,Angie Amarasinghe,user0795@example.com,False,,67,Male,Nuwara Eliya,0760630659,occasional_shoppers,user,False,,,2025-09-14 00:00:00+00,2025-09-14 00:00:00+00
242abbef-5864-482a-951e-d208813ed58c,Kumari Davis,user0796@example.com,True,,45,Male,Badulla,0722346797,regular_shoppers,user,False,,,2023-04-29 00:00:00+00,2023-04-29 00:00:00+00
80b340a5-6a06-4206-a760-bcb9af236b63,Dilshan Hill,user0797@example.com,True,,65,Female,Kandy,0720282645,frequent_shoppers,user,False,,,2024-05-26 00:00:00+00,2024-05-26 00:00:00+00
d1df8f84-b9b6-47b7-a80c-3801f65abd4d,Abigail Davis,user0798@example.com,True,,36,,Trincomalee,0726425076,frequent_shoppers,user,False,,,2025-03-25 00:00:00+00,2025-03-25 00:00:00+00
06b8683b-3a49-4643-b2b7-4daaf30c508c,Nimal Santos,user0799@example.com,True,,52,Female,Trincomalee,0749283302,regular_shoppers,user,False,,,2025-01-21 00:00:00+00,2025-01-21 00:00:00+00
37e01721-7412-40a9-ba3e-49b48565b491,Chamara Adams,user0800@example.com,True,,35,Female,Badulla,0737320680,occasional_shoppers,user,False,,,2025-09-22 00:00:00+00,2025-09-22 00:00:00+00
788566f2-ba07-4080-92c9-344df973f296,Joel Bandara,user0801@example.com,True,,32,Female,Negombo,0797229186,,user,False,,,2024-04-26 00:00:00+00,2024-04-26 00:00:00+00
1747720a-33b8-42a3-95c9-bcaeaaf8102c,Buddhika Brooks,user0802@example.com,True,,19,Male,Nuwara Eliya,0791838954,rare_shoppers,user,False,,,2023-05-03 00:00:00+00,2023-05-03 00:00:00+00
a57711ed-4dbf-49ed-94e2-002374cf37ad,Victoria Peterson,user0803@example.com,True,,,Male,Nuwara Eliya,0714201833,regular_shoppers,user,False,,,2023-04-18 00:00:00+00,2023-04-18 00:00:00+00
10c272be-af25-4726-91b1-c3ff2c90b8d7,Anil Seneviratne,user0804@example.com,True,,19,Female,Batticaloa,0793420414,regular_shoppers,user,False,,,2023-02-26 00:00:00+00,2023-02-26 00:00:00+00
0aeea603-4fdd-491e-8f24-ae32e807a225,Tammy Herath,user0805@example.com,True,,64,Female,Vavuniya,0781774457,occasional_shoppers,user,False,,,2024-08-11 00:00:00+00,2024-08-11 00:00:00+00
249dc1d7-56c7-4b4a-b129-ee5a40c24db0,Michael Garcia,user0806@example.com,True,,54,Male,Gampaha,0747674933,rare_shoppers,user,False,,,2023-09-28 00:00:00+00,2023-09-28 00:00:00+00
bbff8395-3fb3-4d7f-8435-d38fa7082362,Sunil Nelson,user0807@example.com,True,,33,Male,Kandy,0791604268,regular_shoppers,user,False,,,2024-05-28 00:00:00+00,2024-05-28 00:00:00+00
3b4cf653-987b-4244-9787-59fd3a53886f,Allison Shaffer,user0808@example.com,True,,60,Male,Gampaha,0758147073,,user,False,,,2023-01-19 00:00:00+00,2023-01-19 00:00:00+00
e87471b5-c28b-4a04-887a-5c85638f920d,Lauren Gunasekara,user0809@example.com,True,,31,Female,Vavuniya,0747063466,frequent_shoppers,user,False,,,2024-01-04 00:00:00+00,2024-01-04 00:00:00+00
f2cf83cb-7c2a-427b-88e4-532f800bb0b4,Mark Herath,user0810@example.com,True,,32,Male,Kandy,0769097257,occasional_shoppers,user,False,,,2024-01-13 00:00:00+00,2024-01-13 00:00:00+00
cc2a1aa1-830e-405c-aa39-266e83761605,Dilshan Rocha,user0811@example.com,True,,,Male,Batticaloa,0716003970,frequent_shoppers,user,False,,,2024-12-24 00:00:00+00,2024-12-24 00:00:00+00
88f4e9b3-a0d6-498e-834d-3d8a4046d268,Sachini Adams,user0812@example.com,False,,22,Male,Anuradhapura,0767240549,regular_shoppers,user,False,,,2025-05-01 00:00:00+00,2025-05-01 00:00:00+00
7012d8a7-ce2f-4ee0-b4f2-4fccf6f79ae1,David Davis,user0813@example.com,True,,,Male,Badulla,0715987530,rare_shoppers,user,False,,,2023-03-05 00:00:00+00,2023-03-05 00:00:00+00
0c5d6daf-1152-4ae7-9686-3d31ea1b2867,David Amarasinghe,user0814@example.com,True,,55,,Ratnapura,0756177977,occasional_shoppers,user,False,,,2025-11-06 00:00:00+00,2025-11-06 00:00:00+00
25cc31cb-415d-409b-b92b-9f8b40f30044,Rebecca Hicks,user0815@example.com,True,,20,Male,Galle,0787099930,rare_shoppers,user,False,,,2024-04-04 00:00:00+00,2024-04-04 00:00:00+00
0ef97a6b-28be-45ed-94cf-45524a2387ad,Tharaka Silva,user0816@example.com,True,,52,Female,Kandy,0746129093,occasional_shoppers,user,False,,,2025-12-01 00:00:00+00,2025-12-01 00:00:00+00
dfe05d23-4bb9-4d65-96bf-3c05b5f0c2f6,Zachary Bandara,user0817@example.com,True,,33,Female,Trincomalee,0769727893,occasional_shoppers,user,False,,,2023-08-25 00:00:00+00,2023-08-25 00:00:00+00
0f539f21-aa4d-4fae-9379-e482cfcaf596,Isuru Wijesinghe,user0818@example.com,True,,23,Female,Moratuwa,0726814965,regular_shoppers,user,False,,,2025-05-07 00:00:00+00,2025-05-07 00:00:00+00
0f2ec29d-a674-425c-a7ed-833bfdd7cb6c,Anil Adams,user0819@example.com,True,,44,Female,Matara,0729917719,frequent_shoppers,user,False,,,2025-04-16 00:00:00+00,2025-04-16 00:00:00+00
e63d29e1-5fef-4f3a-a15e-4b4bca11383f,Kavinda Peterson,user0820@example.com,True,,67,Male,Kurunegala,0726964845,regular_shoppers,user,False,,,2025-08-20 00:00:00+00,2025-08-20 00:00:00+00
c6cedb7d-5929-4988-b783-5a09557254e7,Cristian Bandara,user0821@example.com,True,,62,Male,Kilinochchi,0784751326,rare_shoppers,user,False,,,2024-12-26 00:00:00+00,2024-12-26 00:00:00+00
b89537e9-3b11-44f9-9f28-8a1d09c03976,Patricia Wickramasinghe,user0822@example.com,True,,39,Female,Jaffna,0764878236,frequent_shoppers,user,False,,,2024-12-27 00:00:00+00,2024-12-27 00:00:00+00
d6d27c7b-fb16-4fb6-942a-b1a782e096bf,Tharaka Brooks,user0823@example.com,False,,45,Male,Kurunegala,0711044716,regular_shoppers,user,False,,,2025-11-09 00:00:00+00,2025-11-09 00:00:00+00
c23e7ab6-110a-4e7a-bc3d-96d9e78c2ada,Dilshan Fernando,user0824@example.com,True,,59,Male,Batticaloa,0716481098,frequent_shoppers,user,False,,,2024-08-31 00:00:00+00,2024-08-31 00:00:00+00
4fd4d313-d13b-4552-8e33-fd9fa268c49e,Kavinda Perera,user0825@example.com,False,,55,Female,Nuwara Eliya,0738277083,frequent_shoppers,user,False,,,2023-10-21 00:00:00+00,2023-10-21 00:00:00+00
bb39f455-21a4-45dd-9c87-954bf51ae812,Tammy Perera,user0826@example.com,True,,74,Male,Jaffna,0748718971,regular_shoppers,user,False,,,2024-04-03 00:00:00+00,2024-04-03 00:00:00+00
57d77c93-03d1-42b4-80e1-f18724dc0dee,Mark Jayasinghe,user0827@example.com,True,,32,Male,Kilinochchi,0782454722,frequent_shoppers,user,False,,,2023-03-23 00:00:00+00,2023-03-23 00:00:00+00
58236b0e-f7f3-4de5-a43c-467b00f89a31,Anil Dissanayake,user0828@example.com,True,,49,Male,Kalutara,0724712259,regular_shoppers,user,False,,,2025-07-18 00:00:00+00,2025-07-18 00:00:00+00
3c5c9f41-42e0-4995-a8f5-23b313ee508c,Roshan Wickramasinghe,user0829@example.com,True,,25,Male,Negombo,0720612203,occasional_shoppers,user,False,,,2023-08-27 00:00:00+00,2023-08-27 00:00:00+00
2287d06f-d654-4b0d-b51b-1e0cd7d7f734,Thilini Dissanayake,user0830@example.com,True,,22,Female,Kilinochchi,0715148168,frequent_shoppers,user,False,,,2024-10-06 00:00:00+00,2024-10-06 00:00:00+00
18422608-e3fa-4479-8e13-f20e14c915db,Tammy Shaffer,user0831@example.com,True,,68,Male,Kandy,0760493924,regular_shoppers,user,False,,,2024-05-18 00:00:00+00,2024-05-18 00:00:00+00
56f8d293-b7b4-4e60-a71b-c3d5dfdfc4d1,Tricia Rajapaksa,user0832@example.com,True,,48,Female,Matara,0738747971,regular_shoppers,user,False,,,2023-07-01 00:00:00+00,2023-07-01 00:00:00+00
203fe310-dc2c-4463-a7fa-9724cbd544fd,Allison Garcia,user0833@example.com,True,,53,Female,,0774992661,regular_shoppers,user,False,,,2024-04-25 00:00:00+00,2024-04-25 00:00:00+00
5a4d43d0-1c12-4778-aaa6-055c3b02e93f,Sarah Rajapaksa,user0834@example.com,True,,74,Male,Moratuwa,0749650228,regular_shoppers,user,False,,,2025-01-01 00:00:00+00,2025-01-01 00:00:00+00
3e1882e7-2730-4d3e-9ff6-7d1b04708db1,Shannon Adams,user0835@example.com,True,,74,Female,Gampaha,0752802832,occasional_shoppers,user,False,,,2023-08-26 00:00:00+00,2023-08-26 00:00:00+00
342a32e0-5fb3-4db0-b1eb-6303f28e5a83,Nimal Shaffer,user0836@example.com,True,,43,Female,Moratuwa,0778113806,occasional_shoppers,user,False,,,2023-03-01 00:00:00+00,2023-03-01 00:00:00+00
0aa7e436-79e9-49f4-9d73-b300eeb4b466,Rebecca Wijesinghe,user0837@example.com,True,,44,Female,Ratnapura,0717332766,occasional_shoppers,user,False,,,2025-05-20 00:00:00+00,2025-05-20 00:00:00+00
74f78fe7-104c-40eb-a54f-d193555b0ff8,Linda Peterson,user0838@example.com,True,,39,Male,Trincomalee,0724806311,frequent_shoppers,user,False,,,2024-02-27 00:00:00+00,2024-02-27 00:00:00+00
54203368-c05e-4deb-b9d9-e3eacf8687bd,Nethmi Jayasinghe,user0839@example.com,True,,56,Female,,0784208202,occasional_shoppers,user,False,,,2024-11-13 00:00:00+00,2024-11-13 00:00:00+00
22ca0fa2-81c3-4977-9360-1f99f5053777,Gabrielle Gunasekara,user0840@example.com,True,,,Female,Vavuniya,0760181317,occasional_shoppers,user,False,,,2024-08-17 00:00:00+00,2024-08-17 00:00:00+00
a2599f28-53cf-4917-81cf-24aa418ce4a3,Jessica Garcia,user0841@example.com,False,,64,Male,Kilinochchi,0747995659,regular_shoppers,user,False,,,2025-09-20 00:00:00+00,2025-09-20 00:00:00+00
c5e03d17-0d6c-49a7-b689-36c8725aab0b,Kim Hill,user0842@example.com,True,,67,Male,Nuwara Eliya,0720271291,frequent_shoppers,user,False,,,2024-07-06 00:00:00+00,2024-07-06 00:00:00+00
cc7ec376-5e66-4f58-bf1b-b1acf1ef164a,Gabrielle Perera,user0843@example.com,True,,66,Male,Vavuniya,0791294547,frequent_shoppers,user,False,,,2025-03-12 00:00:00+00,2025-03-12 00:00:00+00
a12b8623-c867-46e8-a985-32800ad2c848,Kim Dissanayake,user0844@example.com,True,,50,Male,Jaffna,0767651154,occasional_shoppers,user,False,,,2025-08-23 00:00:00+00,2025-08-23 00:00:00+00
f9aca861-e7e6-410e-b7ef-04c4eec22d5b,Monica Adams,user0845@example.com,True,,53,Male,Kilinochchi,0760028002,frequent_shoppers,user,False,,,2025-10-14 00:00:00+00,2025-10-14 00:00:00+00
d855348b-409a-4344-ac69-4c1bca0741a0,Buddhika Silva,user0846@example.com,True,,46,Other,Trincomalee,0754618734,regular_shoppers,user,False,,,2023-08-12 00:00:00+00,2023-08-12 00:00:00+00
983bdc2c-a201-4084-853f-70e50e4dcc84,Andrew Dissanayake,user0847@example.com,True,,23,Male,Moratuwa,0773554061,frequent_shoppers,user,False,,,2025-04-05 00:00:00+00,2025-04-05 00:00:00+00
a4754f04-417a-4329-a0d4-ca4a0d68209b,Sarah De Silva,user0848@example.com,True,,66,Female,Matara,0785874940,occasional_shoppers,user,False,,,2023-03-16 00:00:00+00,2023-03-16 00:00:00+00
6d6e6747-b0f1-43d3-a179-11703bfe8a66,Sachini Garcia,user0849@example.com,True,,35,Female,Vavuniya,0774826670,rare_shoppers,user,False,,,2024-04-27 00:00:00+00,2024-04-27 00:00:00+00
931cde50-cedb-4675-a0ae-b73acf9b7640,Cynthia Silva,user0850@example.com,True,,64,Male,Nuwara Eliya,0732306580,frequent_shoppers,user,False,,,2025-11-30 00:00:00+00,2025-11-30 00:00:00+00
3e24fe59-4074-44e0-a322-c2c82d5dc9eb,Zachary Brooks,user0851@example.com,True,,25,,Kurunegala,0783428512,regular_shoppers,user,False,,,2023-10-14 00:00:00+00,2023-10-14 00:00:00+00
5028f372-606a-40cf-87e8-e680e3b580f5,Angela Hicks,user0852@example.com,True,,,Other,Batticaloa,0732272851,regular_shoppers,user,False,,,2025-01-31 00:00:00+00,2025-01-31 00:00:00+00
fa91c839-dece-4fde-a42a-9f7da1c8066f,Andrew Stewart,user0853@example.com,True,,31,Female,Batticaloa,0728164926,regular_shoppers,user,False,,,2024-11-07 00:00:00+00,2024-11-07 00:00:00+00
c946cd71-246e-4be9-a053-7394ef6b5493,Jennifer Perera,user0854@example.com,True,,48,,Negombo,0735189235,rare_shoppers,user,False,,,2023-01-12 00:00:00+00,2023-01-12 00:00:00+00
bf1fcf14-6d62-4408-9662-c04dfcf923b4,Zachary Wickramasinghe,user0855@example.com,True,,47,Male,Kurunegala,0711896427,regular_shoppers,user,False,,,2024-04-07 00:00:00+00,2024-04-07 00:00:00+00
b9c379f3-12e2-4b39-8116-a10b8583eb32,Zachary Nelson,user0856@example.com,False,,73,Female,Nuwara Eliya,0730457708,regular_shoppers,user,False,,,2024-02-19 00:00:00+00,2024-02-19 00:00:00+00
fb4270c0-38eb-48f8-a0e9-2f62de99db14,Shannon De Silva,user0857@example.com,True,,29,Male,Nuwara Eliya,0792662979,occasional_shoppers,user,False,,,2024-07-21 00:00:00+00,2024-07-21 00:00:00+00
a64d7245-55d1-4af6-90ca-7c3f1ef42696,Nimal Amarasinghe,user0858@example.com,True,,28,,Anuradhapura,0773815697,occasional_shoppers,user,False,,,2023-10-28 00:00:00+00,2023-10-28 00:00:00+00
70aec905-da95-4c9a-9de5-1cda3264ef14,Allison Rocha,user0859@example.com,True,,21,Female,Moratuwa,0762780673,regular_shoppers,user,False,,,2023-08-29 00:00:00+00,2023-08-29 00:00:00+00
015ce886-f48a-4d7f-b7a7-b73a0bb6f2f4,Victoria Seneviratne,user0860@example.com,True,,48,Female,Galle,0747277197,occasional_shoppers,user,False,,,2023-12-07 00:00:00+00,2023-12-07 00:00:00+00
4d15927e-a255-44e4-9a44-471008a15738,Roshan Davis,user0861@example.com,True,,53,Female,Jaffna,0759081701,regular_shoppers,user,False,,,2024-12-14 00:00:00+00,2024-12-14 00:00:00+00
da3bb30b-3148-4230-ade9-a9d4061260cd,Michael Seneviratne,user0862@example.com,True,,64,Female,Anuradhapura,0758451442,frequent_shoppers,user,False,,,2023-01-22 00:00:00+00,2023-01-22 00:00:00+00
0dd11732-047d-4bae-9be3-00aa857bd80e,Sarah Ray,user0863@example.com,False,,,Male,Batticaloa,0746903354,frequent_shoppers,user,False,,,2024-07-13 00:00:00+00,2024-07-13 00:00:00+00
677f2e67-711e-4c3f-9ef1-b03f4a1fab30,Chamara Peterson,user0864@example.com,True,,62,Male,Colombo,0773545170,rare_shoppers,user,False,,,2025-07-19 00:00:00+00,2025-07-19 00:00:00+00
4b26fa75-478c-4e07-9efa-dc5b4130a47f,Thilini Herath,user0865@example.com,True,,52,Male,,0727669523,frequent_shoppers,user,False,,,2023-12-29 00:00:00+00,2023-12-29 00:00:00+00
33d60337-db09-4a96-b8fa-50b783079777,Monica Garcia,user0866@example.com,True,,25,Female,Jaffna,0712238007,regular_shoppers,user,False,,,2024-02-02 00:00:00+00,2024-02-02 00:00:00+00
9679ea7c-384e-42f3-bb6f-7722729353e7,Jessica Bandara,user0867@example.com,True,,75,Female,Badulla,0799620191,rare_shoppers,user,False,,,2025-04-05 00:00:00+00,2025-04-05 00:00:00+00
014341e6-5629-4308-8c2f-f94a74deca57,Nimal Henderson,user0868@example.com,True,,70,Male,Kurunegala,0764928808,regular_shoppers,user,False,,,2024-02-11 00:00:00+00,2024-02-11 00:00:00+00
3cb01ab4-dd1f-42fa-b39b-95f6e0a26e0a,Kimberly Gunasekara,user0869@example.com,True,,71,Male,Jaffna,0772143529,regular_shoppers,user,False,,,2023-06-26 00:00:00+00,2023-06-26 00:00:00+00
f4c4978d-f329-4f36-b7de-ada16d55d286,Monica Shaffer,user0870@example.com,True,,29,Male,Colombo,0771787010,occasional_shoppers,user,False,,,2024-03-21 00:00:00+00,2024-03-21 00:00:00+00
725a19d7-4796-4ae3-ba4c-a7962f06b7e7,Monica Wijesinghe,user0871@example.com,False,,33,Female,Anuradhapura,0748530763,occasional_shoppers,user,False,,,2024-09-27 00:00:00+00,2024-09-27 00:00:00+00
567fd543-6bcf-4295-8e3d-a343bc814956,Kimberly Nelson,user0872@example.com,True,,38,Female,Anuradhapura,0775751340,regular_shoppers,user,False,,,2025-06-19 00:00:00+00,2025-06-19 00:00:00+00
57095f2c-08bf-41b0-930a-a3feffd95c69,Crystal Fernando,user0873@example.com,True,,67,Male,Kurunegala,0786331139,,user,False,,,2025-02-28 00:00:00+00,2025-02-28 00:00:00+00
7e3ebfa2-8b89-4b69-bcf2-d7a0660af21f,Rebecca Wickramasinghe,user0874@example.com,False,,59,Female,Kilinochchi,0738282626,occasional_shoppers,user,False,,,2024-07-04 00:00:00+00,2024-07-04 00:00:00+00
602db4a9-8315-410b-922a-7a552076303a,Mark Ray,user0875@example.com,True,,20,Female,Moratuwa,0798356175,regular_shoppers,user,False,,,2025-02-01 00:00:00+00,2025-02-01 00:00:00+00
a4bc9abc-5fb9-4076-b5bc-9f0d5bf149a1,Dilshan Wijesinghe,user0876@example.com,True,,,Female,Colombo,0723449648,regular_shoppers,user,False,,,2024-11-20 00:00:00+00,2024-11-20 00:00:00+00
093cc1e1-464d-4e2c-abda-ea3420007333,Kimberly Amarasinghe,user0877@example.com,True,,28,Male,,0773561767,regular_shoppers,user,False,,,2025-06-09 00:00:00+00,2025-06-09 00:00:00+00
bc041afa-83fe-4587-b44e-6f957e8d88fd,Patricia Nelson,user0878@example.com,True,,56,Female,Trincomalee,0767162555,rare_shoppers,user,False,,,2025-11-04 00:00:00+00,2025-11-04 00:00:00+00
282e51ae-5005-496a-afe7-e2446a642144,Linda Fernando,user0879@example.com,True,,19,Male,Kilinochchi,0754714248,rare_shoppers,user,False,,,2023-10-13 00:00:00+00,2023-10-13 00:00:00+00
3994908d-8925-4a71-959b-594b0cf6e88c,Abigail Santos,user0880@example.com,True,,67,Male,Gampaha,0733094634,,user,False,,,2023-10-30 00:00:00+00,2023-10-30 00:00:00+00
619ffe8a-b95e-4cbe-99d5-6b33c1ea9df1,Kim Stewart,user0881@example.com,False,,33,Male,Negombo,0731384884,occasional_shoppers,user,False,,,2025-02-05 00:00:00+00,2025-02-05 00:00:00+00
1aea499b-d8fb-4c30-bc6c-1190f762fc65,Crystal Shaffer,user0882@example.com,True,,61,Male,Nuwara Eliya,0752729112,occasional_shoppers,user,False,,,2023-07-16 00:00:00+00,2023-07-16 00:00:00+00
c2258b88-ac4c-402a-94e6-0493f2b74501,Buddhika Amarasinghe,user0883@example.com,True,,67,Male,Kalutara,0788709162,regular_shoppers,user,False,,,2024-12-11 00:00:00+00,2024-12-11 00:00:00+00
f8fd7e71-8076-46bc-9215-05c1071d6acc,Angie Adams,user0884@example.com,True,,29,Male,Colombo,0728532770,occasional_shoppers,user,False,,,2023-06-08 00:00:00+00,2023-06-08 00:00:00+00
b6101a85-48cd-49fe-853e-44424ea5aedd,Kevin Ray,user0885@example.com,True,,,Male,Kurunegala,0774512027,regular_shoppers,user,False,,,2025-03-03 00:00:00+00,2025-03-03 00:00:00+00
12260c05-69a7-43e7-99f7-f4dcb4345f1f,Cristian Nelson,user0886@example.com,True,,44,Male,Jaffna,0764287520,frequent_shoppers,user,False,,,2023-07-27 00:00:00+00,2023-07-27 00:00:00+00
6a57c139-51e5-4cb2-bb1a-4fa095450bde,Allison Herrera,user0887@example.com,True,,54,Female,,0750661866,occasional_shoppers,user,False,,,2025-05-15 00:00:00+00,2025-05-15 00:00:00+00
904d2fd0-34f2-45fe-954b-5906a0cca627,Tammy Nelson,user0888@example.com,True,,25,Female,Badulla,0724988380,occasional_shoppers,user,False,,,2025-12-31 00:00:00+00,2025-12-31 00:00:00+00
033765b0-a9a8-4cc3-9407-83886157222e,Kimberly Garcia,user0889@example.com,True,,42,Male,,0792479493,occasional_shoppers,user,False,,,2024-06-12 00:00:00+00,2024-06-12 00:00:00+00
d16e42c7-4f9a-4f86-bcc7-026902875755,Isuru Herath,user0890@example.com,True,,21,Male,Gampaha,0755293348,occasional_shoppers,user,False,,,2025-01-26 00:00:00+00,2025-01-26 00:00:00+00
78b7ec2a-0913-41f7-9048-baa1a512150c,Sunil Stewart,user0891@example.com,True,,19,Male,Colombo,0757948542,regular_shoppers,user,False,,,2023-03-14 00:00:00+00,2023-03-14 00:00:00+00
611d1f8d-168d-44e8-8353-2b7b4451469a,Isuru Henderson,user0892@example.com,True,,43,Male,Negombo,0771475863,regular_shoppers,user,False,,,2024-07-16 00:00:00+00,2024-07-16 00:00:00+00
49c6e55a-56f1-4e72-aa12-044a41cd11f0,Kumari Jayasinghe,user0893@example.com,True,,70,Female,Gampaha,0729696511,,user,False,,,2024-10-30 00:00:00+00,2024-10-30 00:00:00+00
f08519b2-96d1-4e97-926c-226379361633,Sachini De Silva,user0894@example.com,True,,74,Female,Ratnapura,0734686713,occasional_shoppers,user,False,,,2025-05-15 00:00:00+00,2025-05-15 00:00:00+00
df9581f8-2ea0-44fa-8064-3ad4544355e3,Thilini Nelson,user0895@example.com,True,,65,Female,Jaffna,0782364511,regular_shoppers,user,False,,,2024-09-12 00:00:00+00,2024-09-12 00:00:00+00
ed2092e7-c68b-4386-a4bd-b1ac335e74d4,Patricia Wickramasinghe,user0896@example.com,True,,41,Male,Batticaloa,0716139411,occasional_shoppers,user,False,,,2024-07-20 00:00:00+00,2024-07-20 00:00:00+00
8f871243-472b-4c81-88ba-f6ca11964daa,Sachini Hicks,user0897@example.com,True,,61,Male,Kalutara,0795209019,regular_shoppers,user,False,,,2025-08-05 00:00:00+00,2025-08-05 00:00:00+00
787b384b-dc67-461d-880b-eb6fb1777ddf,Lisa Shaffer,user0898@example.com,True,,19,Male,Gampaha,0773834338,regular_shoppers,user,False,,,2024-11-04 00:00:00+00,2024-11-04 00:00:00+00
d05f5159-458c-44e2-b8d3-3ee000acebb9,Priya Hill,user0899@example.com,True,,38,Male,Moratuwa,0714330737,occasional_shoppers,user,False,,,2025-03-09 00:00:00+00,2025-03-09 00:00:00+00
c63a497f-b29d-417d-ad9f-bbfabb7a9668,Nimal Herath,user0900@example.com,True,,23,Female,Anuradhapura,0752323961,regular_shoppers,user,False,,,2024-09-14 00:00:00+00,2024-09-14 00:00:00+00
4990a5be-e864-4509-9277-e5fa0d4dd12d,Carmen Rajapaksa,user0901@example.com,True,,27,Male,Kalutara,0775868272,occasional_shoppers,user,False,,,2024-08-04 00:00:00+00,2024-08-04 00:00:00+00
fba746b6-82ff-4f69-b88c-f33db4c1a0c5,Patricia Hicks,user0902@example.com,True,,26,Female,Nuwara Eliya,0731356391,rare_shoppers,user,False,,,2024-08-15 00:00:00+00,2024-08-15 00:00:00+00
94c60344-8256-45cc-8804-4d5c97898d6e,Thilini Hicks,user0903@example.com,True,,40,Male,Ratnapura,0781472067,regular_shoppers,user,False,,,2024-10-12 00:00:00+00,2024-10-12 00:00:00+00
24635357-9b41-408d-9b21-79997f43646b,Connor Adams,user0904@example.com,False,,49,Male,Kurunegala,0754836082,frequent_shoppers,user,False,,,2024-08-13 00:00:00+00,2024-08-13 00:00:00+00
f78dc0ac-dd2a-4ba7-9ad4-8c5459e1b630,Buddhika Brooks,user0905@example.com,True,,61,Male,Kalutara,0793204293,regular_shoppers,user,False,,,2024-04-04 00:00:00+00,2024-04-04 00:00:00+00
e18a6107-0196-4412-8f5a-7ec61e2c2bb8,Cynthia Santos,user0906@example.com,True,,64,Male,Kurunegala,0713049361,regular_shoppers,user,False,,,2023-07-06 00:00:00+00,2023-07-06 00:00:00+00
693c1162-2620-43c5-959b-ab40e8fc6ab8,Thilini Jayasinghe,user0907@example.com,True,,59,Female,Kurunegala,0736814729,occasional_shoppers,user,False,,,2024-05-05 00:00:00+00,2024-05-05 00:00:00+00
14fb1517-bd71-4517-a18e-8dbbab010f76,Lisa Davis,user0908@example.com,True,,75,,Gampaha,0771928895,regular_shoppers,user,False,,,2024-05-10 00:00:00+00,2024-05-10 00:00:00+00
ab80c49e-2c85-418e-9a76-2a4c96fdbe80,Cynthia Gunasekara,user0909@example.com,True,,56,Female,Trincomalee,0764538931,rare_shoppers,user,False,,,2023-01-15 00:00:00+00,2023-01-15 00:00:00+00
eff05801-0479-45fc-ab9a-0ac538b97955,Sarah Peterson,user0910@example.com,True,,22,Female,Vavuniya,0768857308,occasional_shoppers,user,False,,,2025-12-29 00:00:00+00,2025-12-29 00:00:00+00
9d0c2c05-c999-48de-8ab3-da182df126f5,Lauren Bandara,user0911@example.com,True,,36,Female,Kandy,0769061948,occasional_shoppers,user,False,,,2025-11-13 00:00:00+00,2025-11-13 00:00:00+00
3f23ffb5-5a83-4a76-9885-2cf669765b7d,Tammy Dissanayake,user0912@example.com,True,,27,Female,Jaffna,0742624124,regular_shoppers,user,False,,,2024-11-26 00:00:00+00,2024-11-26 00:00:00+00
35814c0e-ab74-43c5-9a82-a4f625124af8,Lauren Ray,user0913@example.com,True,,39,Male,Moratuwa,0769682874,occasional_shoppers,user,False,,,2024-12-02 00:00:00+00,2024-12-02 00:00:00+00
f99d3fd2-46b1-46a6-9668-ec19b981009d,Jessica Dissanayake,user0914@example.com,True,,34,Female,Negombo,0749086658,frequent_shoppers,user,False,,,2025-01-29 00:00:00+00,2025-01-29 00:00:00+00
142771b2-df75-4922-b322-8568d8227f34,Kim Wickramasinghe,user0915@example.com,True,,58,Female,Negombo,0761570031,occasional_shoppers,user,False,,,2023-10-28 00:00:00+00,2023-10-28 00:00:00+00
2eda49e2-831a-48d6-a640-175323b52d16,Mark Gunasekara,user0916@example.com,True,,72,Male,Batticaloa,0793008294,regular_shoppers,user,False,,,2025-11-24 00:00:00+00,2025-11-24 00:00:00+00
abd0cd3c-4f03-4f3e-b632-d63ad1426d1f,Jennifer Burgess,user0917@example.com,True,,55,Male,Moratuwa,0760985606,occasional_shoppers,user,False,,,2025-09-14 00:00:00+00,2025-09-14 00:00:00+00
bc01277f-bb20-447a-a108-c9af2a9084a0,Allison Rajapaksa,user0918@example.com,True,,39,Male,Jaffna,0795716350,regular_shoppers,user,False,,,2025-07-29 00:00:00+00,2025-07-29 00:00:00+00
64c8cdae-00be-4040-aa8d-4ff5871f1ebe,Allison Bandara,user0919@example.com,True,,70,Female,Anuradhapura,0778104290,frequent_shoppers,user,False,,,2023-07-22 00:00:00+00,2023-07-22 00:00:00+00
07386622-9e24-40ad-810a-0a16c2685c16,Gabrielle Nelson,user0920@example.com,True,,52,Female,Kandy,0734519519,regular_shoppers,user,False,,,2024-05-16 00:00:00+00,2024-05-16 00:00:00+00
03e8b520-d133-43aa-a9a9-08f30ba5b6f7,Kumari Amarasinghe,user0921@example.com,True,,33,Female,Batticaloa,0718545499,frequent_shoppers,user,False,,,2024-01-25 00:00:00+00,2024-01-25 00:00:00+00
1ed691d8-cb09-4cf5-8e04-70bf01f484a7,Joel Perera,user0922@example.com,True,,31,Female,Gampaha,0795081383,occasional_shoppers,user,False,,,2023-04-15 00:00:00+00,2023-04-15 00:00:00+00
0493eee5-5df3-427e-b44e-8468bf803814,Gabrielle Ray,user0923@example.com,True,,46,Male,Anuradhapura,0724968484,regular_shoppers,user,False,,,2023-01-20 00:00:00+00,2023-01-20 00:00:00+00
b5fc99c7-2289-4163-879f-016c5cb465b2,Isuru Wijesinghe,user0924@example.com,True,,59,Female,Gampaha,0776116342,regular_shoppers,user,False,,,2025-04-13 00:00:00+00,2025-04-13 00:00:00+00
9611b2f2-5441-4733-a051-880741658e1e,Tharaka Herrera,user0925@example.com,True,,48,Female,Vavuniya,0769061679,regular_shoppers,user,False,,,2025-10-27 00:00:00+00,2025-10-27 00:00:00+00
157cb8c9-6dc2-4ed8-9117-2a2eddd12cf6,Daniel Seneviratne,user0926@example.com,True,,49,,Kilinochchi,0750888220,frequent_shoppers,user,False,,,2023-05-15 00:00:00+00,2023-05-15 00:00:00+00
fc6fe664-4dfd-4c36-a10c-5585ed98a675,Shannon Amarasinghe,user0927@example.com,True,,39,Female,Jaffna,0781189018,regular_shoppers,user,False,,,2025-10-24 00:00:00+00,2025-10-24 00:00:00+00
d6fc9346-4d92-48ce-87e4-3fab4bfc6418,Lauren Shaffer,user0928@example.com,True,,57,Female,Anuradhapura,0731089988,occasional_shoppers,user,False,,,2023-11-20 00:00:00+00,2023-11-20 00:00:00+00
ad56b8a2-3c5b-4bca-af5e-1089eee4f4b1,Lisa Perera,user0929@example.com,True,,59,Male,Trincomalee,0751101815,regular_shoppers,user,False,,,2024-09-13 00:00:00+00,2024-09-13 00:00:00+00
a5c82998-1e83-4307-a9f8-d6a13e33df43,Jessica De Silva,user0930@example.com,False,,65,Male,Kalutara,0764866566,,user,False,,,2025-04-07 00:00:00+00,2025-04-07 00:00:00+00
5f02cfe0-ba90-4522-b007-0443b158ee1e,Crystal Gunasekara,user0931@example.com,False,,47,Male,Anuradhapura,0767377856,regular_shoppers,user,False,,,2025-02-03 00:00:00+00,2025-02-03 00:00:00+00
fc04ab71-471b-4f92-8ba3-5ee85ffd9dca,Victoria Rocha,user0932@example.com,True,,65,Male,Batticaloa,0789583095,regular_shoppers,user,False,,,2024-10-28 00:00:00+00,2024-10-28 00:00:00+00
33c58d30-a3ce-4180-8de4-50c58e8e3d3d,Lauren Henderson,user0933@example.com,True,,42,Female,Batticaloa,0795849506,regular_shoppers,user,False,,,2023-05-02 00:00:00+00,2023-05-02 00:00:00+00
f7e861ee-9d77-4ac2-93b1-55f820967093,Jessica Nelson,user0934@example.com,True,,46,Male,Galle,0730188973,occasional_shoppers,user,False,,,2025-04-27 00:00:00+00,2025-04-27 00:00:00+00
7c29fa07-96a0-4ed0-bcaa-f6b737b68444,Dilshan Stewart,user0935@example.com,True,,53,Male,Batticaloa,0719127329,occasional_shoppers,user,False,,,2023-02-14 00:00:00+00,2023-02-14 00:00:00+00
f07df0a5-0224-431f-8a58-5d959aa7da30,Kumari Wickramasinghe,user0936@example.com,True,,72,Female,Anuradhapura,0736707338,regular_shoppers,user,False,,,2025-08-01 00:00:00+00,2025-08-01 00:00:00+00
7d0bb893-d007-4a06-a1bd-b9e02a94e0e1,Sunil Wickramasinghe,user0937@example.com,True,,56,Male,Kalutara,0718091497,occasional_shoppers,user,False,,,2023-04-09 00:00:00+00,2023-04-09 00:00:00+00
a95f6cf0-8f7e-4bd1-bef5-77da18f28833,Cynthia Burgess,user0938@example.com,True,,,Male,Ratnapura,0720140494,regular_shoppers,user,False,,,2024-11-14 00:00:00+00,2024-11-14 00:00:00+00
a2cfa3dd-0caf-41f0-8c01-474358796d2d,Kavinda Santos,user0939@example.com,True,,67,Male,Galle,0767840690,regular_shoppers,user,False,,,2024-01-26 00:00:00+00,2024-01-26 00:00:00+00
c6e8c28a-723a-4a0b-a801-712ca991a101,Linda Brooks,user0940@example.com,True,,74,Male,Kurunegala,0768035365,regular_shoppers,user,False,,,2025-12-16 00:00:00+00,2025-12-16 00:00:00+00
c9b29dd7-6d6c-4ec0-bea4-0a1256f354d5,Angie Hicks,user0941@example.com,True,,18,Male,,0753838097,frequent_shoppers,user,False,,,2024-04-01 00:00:00+00,2024-04-01 00:00:00+00
dc654d57-aae9-4892-87f9-298cc76e43c4,Anil Brooks,user0942@example.com,True,,30,Female,Negombo,0713519791,frequent_shoppers,user,False,,,2024-09-23 00:00:00+00,2024-09-23 00:00:00+00
729b26ba-2bb3-4a39-bf7f-7943a5bbd250,Anil Jayasinghe,user0943@example.com,True,,20,Female,Ratnapura,0731916266,rare_shoppers,user,False,,,2024-03-03 00:00:00+00,2024-03-03 00:00:00+00
2e430663-b6f9-40b6-a363-745127fa59d6,Tammy Nelson,user0944@example.com,True,,31,Male,Gampaha,0737995717,rare_shoppers,user,False,,,2023-02-22 00:00:00+00,2023-02-22 00:00:00+00
532f0d0f-40c9-4b09-9f17-7e77bf76eda4,Victoria Henderson,user0945@example.com,True,,43,Female,Jaffna,0738137132,frequent_shoppers,user,False,,,2025-11-23 00:00:00+00,2025-11-23 00:00:00+00
a8bd98e9-9a72-42f4-b637-d30530870415,Daniel Peterson,user0946@example.com,True,,40,Male,Galle,0771331294,regular_shoppers,user,False,,,2024-06-06 00:00:00+00,2024-06-06 00:00:00+00
ff7af16b-f29c-455f-9062-dde2eb940b1a,Angie Hill,user0947@example.com,True,,44,Female,Matara,0721334884,regular_shoppers,user,False,,,2024-09-07 00:00:00+00,2024-09-07 00:00:00+00
2bbb42e5-9cca-42df-89f0-2c3a39f5b170,Chamara Gunasekara,user0948@example.com,True,,74,Female,Ratnapura,0711244728,,user,False,,,2024-05-24 00:00:00+00,2024-05-24 00:00:00+00
ad5140f8-1393-477a-a5bf-efca2e69e846,Joel Perera,user0949@example.com,True,,62,Male,Anuradhapura,0731136969,occasional_shoppers,user,False,,,2025-01-31 00:00:00+00,2025-01-31 00:00:00+00
7a6cead7-3d94-4895-8542-74477155cd3c,Angela Herrera,user0950@example.com,False,,51,Female,Kurunegala,0737390737,rare_shoppers,user,False,,,2023-11-29 00:00:00+00,2023-11-29 00:00:00+00
d0234b57-c427-4192-8b92-045d3ba60bfa,Kim Hicks,user0951@example.com,False,,71,Male,Ratnapura,0729373095,,user,False,,,2025-08-21 00:00:00+00,2025-08-21 00:00:00+00
0a339d73-d70d-4f9f-b7b7-e89abf0c2304,Angela Henderson,user0952@example.com,True,,66,Female,Colombo,0725087493,regular_shoppers,user,False,,,2025-05-09 00:00:00+00,2025-05-09 00:00:00+00
1fe2dbde-e56b-4004-aa6a-3355a6729b81,Lauren Brooks,user0953@example.com,True,,72,Male,Colombo,0798097063,regular_shoppers,user,False,,,2024-06-10 00:00:00+00,2024-06-10 00:00:00+00
dc8d6d18-d77d-41cc-95d4-705f4741be87,Anil Burgess,user0954@example.com,True,,60,Male,Anuradhapura,0721031218,regular_shoppers,user,False,,,2023-10-20 00:00:00+00,2023-10-20 00:00:00+00
7a97d519-49e5-4495-8378-a6580e68efce,Thilini Shaffer,user0955@example.com,True,,36,Male,Kurunegala,0779782068,regular_shoppers,user,False,,,2025-08-04 00:00:00+00,2025-08-04 00:00:00+00
b8e23e2c-4997-4e78-94da-b46aafc11346,Sarah Fernando,user0956@example.com,True,,35,Male,Negombo,0761677853,rare_shoppers,user,False,,,2023-03-12 00:00:00+00,2023-03-12 00:00:00+00
a8d73dda-53c3-4511-aa17-953dfc24c891,Tharaka Henderson,user0957@example.com,True,,29,,Trincomalee,0756157714,regular_shoppers,user,False,,,2025-09-11 00:00:00+00,2025-09-11 00:00:00+00
6bcafed1-f298-4a01-9ca1-7977b1833204,Zachary Gunasekara,user0958@example.com,True,,54,Other,Batticaloa,0779053800,frequent_shoppers,user,False,,,2024-07-26 00:00:00+00,2024-07-26 00:00:00+00
31e1d889-4f8b-43a0-b3b9-9cba13ad2d60,Jessica Rocha,user0959@example.com,True,,29,Female,Vavuniya,0745280921,frequent_shoppers,user,False,,,2024-12-02 00:00:00+00,2024-12-02 00:00:00+00
1cccae57-809f-4bc8-afe7-64fdf459cbd8,Gabrielle Dissanayake,user0960@example.com,True,,59,,Jaffna,0749689985,regular_shoppers,user,False,,,2023-08-16 00:00:00+00,2023-08-16 00:00:00+00
ab0195a5-de28-42c2-82e9-2841ebefa3be,Joel Herath,user0961@example.com,True,,46,Other,Kilinochchi,0739777154,occasional_shoppers,user,False,,,2025-11-12 00:00:00+00,2025-11-12 00:00:00+00
b5090b8d-423c-4270-a43c-c20a5c425351,Angie Ray,user0962@example.com,True,,40,Female,Kilinochchi,0781252175,occasional_shoppers,user,False,,,2025-01-12 00:00:00+00,2025-01-12 00:00:00+00
fcd50042-f20c-438f-ad2a-deb7306ddcfb,Jennifer Burgess,user0963@example.com,True,,61,Female,Negombo,0747369085,rare_shoppers,user,False,,,2025-05-18 00:00:00+00,2025-05-18 00:00:00+00
15ade81f-9992-477f-87db-9fb25127369b,Abigail Hicks,user0964@example.com,False,,75,Male,Ratnapura,0784592492,rare_shoppers,user,False,,,2023-01-01 00:00:00+00,2023-01-01 00:00:00+00
defe197e-7b59-467f-a88f-bcfcdb1b8291,Nimal Stewart,user0965@example.com,True,,64,Female,Kalutara,0742542841,regular_shoppers,user,False,,,2023-11-25 00:00:00+00,2023-11-25 00:00:00+00
35983155-faa9-446b-a06d-adbdcf5a7e78,Connor Dissanayake,user0966@example.com,True,,44,Male,Galle,0726572053,rare_shoppers,user,False,,,2023-10-15 00:00:00+00,2023-10-15 00:00:00+00
c47eade2-6b2b-4e40-84b0-ded8f1238c75,Isuru De Silva,user0967@example.com,True,,61,Male,Ratnapura,0780362430,,user,False,,,2023-08-29 00:00:00+00,2023-08-29 00:00:00+00
4e11f628-e5ee-409e-8e1c-f4111ee6778f,Shannon Seneviratne,user0968@example.com,True,,48,Male,Vavuniya,0755818870,regular_shoppers,user,False,,,2023-05-25 00:00:00+00,2023-05-25 00:00:00+00
15dbed5f-f5ec-4a13-85f3-6cd955dc0246,Linda Henderson,user0969@example.com,True,,75,Female,Kurunegala,0740149786,occasional_shoppers,user,False,,,2025-09-24 00:00:00+00,2025-09-24 00:00:00+00
8f6397a7-26d2-43e7-90db-65a66d51f0b9,Sarah Shaffer,user0970@example.com,False,,64,Female,Moratuwa,0724118375,rare_shoppers,user,False,,,2025-05-13 00:00:00+00,2025-05-13 00:00:00+00
2787786f-c251-487a-a75a-85efe7c88fb4,Linda Bandara,user0971@example.com,True,,35,Female,Batticaloa,0775169251,frequent_shoppers,user,False,,,2023-07-27 00:00:00+00,2023-07-27 00:00:00+00
ce127272-7b51-4b0f-811b-0adadccef189,Patricia Fernando,user0972@example.com,True,,55,Male,Moratuwa,0799597988,occasional_shoppers,user,False,,,2025-02-08 00:00:00+00,2025-02-08 00:00:00+00
fb8b7660-2ff6-4a2e-97fe-e5b0c3e03832,Victoria Henderson,user0973@example.com,True,,55,Female,Jaffna,0791041439,occasional_shoppers,user,False,,,2025-01-08 00:00:00+00,2025-01-08 00:00:00+00
c609f0ae-cb8b-41a3-8d4d-850419e1b556,Angela Bandara,user0974@example.com,False,,65,,Gampaha,0763511633,regular_shoppers,user,False,,,2025-12-06 00:00:00+00,2025-12-06 00:00:00+00
d276c49a-c60e-46bc-bf59-5fe2ace257bd,Tharaka De Silva,user0975@example.com,True,,60,Male,Ratnapura,0744026103,rare_shoppers,user,False,,,2023-02-28 00:00:00+00,2023-02-28 00:00:00+00
40171b97-4fe3-44e8-ac5e-a775fe640daf,Crystal Bandara,user0976@example.com,True,,40,Male,Kandy,0731554308,occasional_shoppers,user,False,,,2024-06-22 00:00:00+00,2024-06-22 00:00:00+00
c71cae78-cb41-4055-b55d-fbaff0c91f70,Rebecca Silva,user0977@example.com,True,,53,Female,Kurunegala,0782240647,occasional_shoppers,user,False,,,2024-11-14 00:00:00+00,2024-11-14 00:00:00+00
4d80ec1f-bda7-4695-bcc9-a2c50e5a32fb,Thilini Dissanayake,user0978@example.com,True,,32,Male,Galle,0761364639,regular_shoppers,user,False,,,2025-10-15 00:00:00+00,2025-10-15 00:00:00+00
e2a22f34-1539-4b9a-bc8a-c5a7bab48fb0,Zachary Nelson,user0979@example.com,True,,49,Female,Kurunegala,0751678306,regular_shoppers,user,False,,,2023-08-17 00:00:00+00,2023-08-17 00:00:00+00
64d99cd1-8735-410c-a39e-e395338502e2,Cynthia Wickramasinghe,user0980@example.com,True,,36,Female,Galle,0729564306,frequent_shoppers,user,False,,,2025-04-08 00:00:00+00,2025-04-08 00:00:00+00
1b85f921-1727-4767-9a6a-4aecf5a3b35c,Roshan Rocha,user0981@example.com,True,,43,Male,Matara,0769396183,rare_shoppers,user,False,,,2024-10-25 00:00:00+00,2024-10-25 00:00:00+00
dcc5485b-6608-44b4-9c53-4da33d1c2600,Cristian Adams,user0982@example.com,True,,60,Male,Trincomalee,0749834900,regular_shoppers,user,False,,,2024-03-18 00:00:00+00,2024-03-18 00:00:00+00
d25cb1c2-4c76-465b-9754-67af332c4c41,Patricia Hill,user0983@example.com,True,,48,Male,Anuradhapura,0761956191,occasional_shoppers,user,False,,,2025-03-29 00:00:00+00,2025-03-29 00:00:00+00
3c89a5ab-0f95-4615-a306-cc181da87477,Thilini Nelson,user0984@example.com,True,,41,Male,Trincomalee,0743137733,regular_shoppers,user,False,,,2023-10-03 00:00:00+00,2023-10-03 00:00:00+00
08e5c8b5-781d-4100-bef0-508566d72df7,Anil Fernando,user0985@example.com,True,,68,Female,Jaffna,0796565865,regular_shoppers,user,False,,,2024-12-14 00:00:00+00,2024-12-14 00:00:00+00
5bb2132d-6877-4eeb-a3f0-c54afeb5bc32,Priya Bandara,user0986@example.com,False,,47,Female,Gampaha,0770192392,regular_shoppers,user,False,,,2023-12-17 00:00:00+00,2023-12-17 00:00:00+00
7e3ff497-bdc9-4a98-8563-e3612979b24c,Priya Gunasekara,user0987@example.com,True,,40,Female,Badulla,0713701318,occasional_shoppers,user,False,,,2024-05-31 00:00:00+00,2024-05-31 00:00:00+00
2d9cbe48-a149-492f-9228-7c49c1736966,Roshan Jayasinghe,user0988@example.com,True,,63,Male,Gampaha,0786484960,occasional_shoppers,user,False,,,2024-09-15 00:00:00+00,2024-09-15 00:00:00+00
3cb4572c-1103-4419-b874-2d42961d1073,Cynthia Garcia,user0989@example.com,True,,52,Female,Kandy,0719531256,regular_shoppers,user,False,,,2023-09-03 00:00:00+00,2023-09-03 00:00:00+00
63e1f081-9407-4c01-bfe6-524c19e2d686,Nethmi Santos,user0990@example.com,True,,64,Male,Kurunegala,0754532115,frequent_shoppers,user,False,,,2025-10-10 00:00:00+00,2025-10-10 00:00:00+00
5c5fd22e-0ce2-4690-aecf-5a166b8ab7e8,Monica Shaffer,user0991@example.com,True,,54,Female,Nuwara Eliya,0751767937,frequent_shoppers,user,False,,,2024-12-04 00:00:00+00,2024-12-04 00:00:00+00
7c7840be-e7e2-44fc-9782-88a187d801e4,Crystal Herrera,user0992@example.com,True,,74,Male,Anuradhapura,0722620209,rare_shoppers,user,False,,,2023-06-17 00:00:00+00,2023-06-17 00:00:00+00
8bf272ac-2660-4bc9-a72d-58331cbae4f5,Sarah Nelson,user0993@example.com,False,,,Other,Badulla,0753870361,frequent_shoppers,user,False,,,2025-12-19 00:00:00+00,2025-12-19 00:00:00+00
757b7b8d-1b87-48a7-b141-3eb020252ae8,Victoria Stewart,user0994@example.com,True,,,Female,Kurunegala,0756338397,regular_shoppers,user,False,,,2024-01-08 00:00:00+00,2024-01-08 00:00:00+00
c1a4d6a0-968a-4a88-adc5-f3a8b02dba95,Shannon Herath,user0995@example.com,False,,27,Female,Kurunegala,0715204195,occasional_shoppers,user,False,,,2025-06-30 00:00:00+00,2025-06-30 00:00:00+00
cf815453-ea34-4041-8f2c-5a932644cf93,Anil Wijesinghe,user0996@example.com,True,,25,Male,Badulla,0776793593,regular_shoppers,user,False,,,2023-12-09 00:00:00+00,2023-12-09 00:00:00+00
eedcd444-14e4-471c-a93b-3f9bdcaac7da,Zachary Jayasinghe,user0997@example.com,True,,57,Female,Vavuniya,0718786373,occasional_shoppers,user,False,,,2023-08-27 00:00:00+00,2023-08-27 00:00:00+00
abc6d755-1fdb-4507-a2c4-7888888eb239,Jessica Adams,user0998@example.com,True,,33,Female,Kandy,0798538069,rare_shoppers,user,False,,,2025-09-10 00:00:00+00,2025-09-10 00:00:00+00
cedfd7d3-7165-46d1-b07d-a126bd1d6c6e,Roshan Seneviratne,user0999@example.com,True,,24,Male,Kilinochchi,0783334032,occasional_shoppers,user,False,,,2025-12-04 00:00:00+00,2025-12-04 00:00:00+00
75c4f0e9-3d28-48fe-a0f0-683815643c2a,Chamara Ray,user1000@example.com,False,,26,Male,Kalutara,0724001392,regular_shoppers,user,False,,,2025-10-01 00:00:00+00,2025-10-01 00:00:00+00
